modulo,funzione,riga,attiva,righe_corpo_senza_commenti_vuoti,grado,firma,valutazione_attuale,prospettiva
src/alloc.c,teOutOfMemory,16,1,5,A,static void teOutOfMemory(void),Un solo percorso fatale garantisce exit e cleanup atexit; conservare.,Stessa policy per ogni nuova allocazione applicativa.
src/alloc.c,teMalloc,30,1,5,A,void *teMalloc(size_t size),Normalizza dimensione zero e gestisce OOM; API obbligatoria.,Mantenere centrale anche nelle nuove strutture.
src/alloc.c,teRealloc,43,1,5,A,"void *teRealloc(void *ptr, size_t size)",Non restituisce NULL al chiamante; separazione necessaria.,Controllare anche overflow delle dimensioni nei chiamanti.
src/alloc.c,teStrdup,56,1,6,A,char *teStrdup(const char *s),Stringhe possedute con policy OOM uniforme.,"Riutilizzare per nomi, config e documenti futuri."
src/backup.c,fnv1a64,32,1,8,M,static uint64_t fnv1a64(const char *s),Hash di identità isolato dal filesystem; piccolo e coeso.,"Resta dettaglio privato del naming, non utilità globale."
src/backup.c,absolutePathOf,48,1,27,A,static char *absolutePathOf(const char *filename),Risoluzione del percorso anche per file nuovo; contratto distinto.,Policy esplicita per realpath/OOM e identità dei nuovi buffer.
src/backup.c,backupPathFor,85,1,11,A,"uint8_t backupPathFor(const char *filename, char *out, size_t outsize)",Centralizza percorso e hash usati da tutte le operazioni.,Riutilizzabile per documenti multipli senza legarlo a E.
src/backup.c,ensureBackupDir,104,1,12,A,static uint8_t ensureBackupDir(void),Gestisce creazione e permessi delle directory.,Conservare come responsabilità locale del backup.
src/backup.c,backupExists,127,1,5,M,uint8_t backupExists(const char *filename),Query leggibile sul recovery senza esporre naming.,Utile per un eventuale elenco documenti recuperabili.
src/backup.c,backupRead,141,1,33,A,"char *backupRead(const char *filename, size_t *outlen)","Parsing header, lettura e ownership del contenuto; coeso.",Esplicitare errori/EINTR e relazione con loader comune.
src/backup.c,backupWrite,190,1,41,A,"uint8_t backupWrite(const char *filename, const char *content, size_t len)","Temp, flush, fsync e rename formano una singola operazione.",Non generalizzare finché non si allineano policy di mode/durabilità.
src/backup.c,backupRemove,248,1,5,M,void backupRemove(const char *filename),Incapsula il naming per la rimozione.,Coordinare identità vecchia/nuova nel Save as.
src/buffer.c,bufferRowCxToRx,15,1,15,A,"int32_t bufferRowCxToRx(const erow *row, int32_t cx, int32_t tab_stop)",Byte sorgente → colonne con grapheme e tab; contratto essenziale.,Deve essere coerente con la primitive unica di layout.
src/buffer.c,bufferRowRxToCx,38,1,20,A,"int32_t bufferRowRxToCx(const erow *row, int32_t target_rx, int32_t tab_stop)",Colonne → confine sorgente; semantica del glyph contenente il target.,Conservare e rendere esplicito il rounding per click/navigazione.
src/buffer.c,bufferInsertRow,66,1,14,A,"void bufferInsertRow(struct editorBuffer *buffer, int32_t at, const char *text, size_t len)",Possiede allocazione e spostamento righe; niente UI/undo.,Base adatta al multi-buffer; verificare limiti dimensioni/alias.
src/buffer.c,bufferFreeRow,87,1,7,A,void bufferFreeRow(erow *row),Un solo proprietario della distruzione di testo e cache.,Conservare e aggiornare quando cambia il contenuto di erow.
src/buffer.c,bufferDeleteRow,101,1,7,A,"void bufferDeleteRow(struct editorBuffer *buffer, int32_t at)",Rimozione strutturale distinta da cancellazione caratteri.,Riutilizzabile per comandi e documenti multipli.
src/buffer.c,bufferClear,115,1,6,A,void bufferClear(struct editorBuffer *buffer),Distruzione dell'intero buffer e reset del suo stato.,Elemento del lifecycle del documento.
src/buffer.c,bufferRowInsertByte,128,1,4,M,"void bufferRowInsertByte(erow *row, int32_t at, int32_t byte)",Convenienza byte sopra insert span; nessun grapheme implicito.,Diminuirne l'uso per operazioni multibyte; non aggiungere policy Unicode qui.
src/buffer.c,bufferRowInsert,140,1,8,A,"void bufferRowInsert(erow *row, int32_t at, const char *text, size_t len)",Primitive span con NUL e memmove; confine opportuno.,"Usarla per batching, con limiti e contratto alias espliciti."
src/buffer.c,bufferRowAppend,155,1,6,M,"void bufferRowAppend(erow *row, const char *text, size_t len)",Append specializzato evita spostamento del suffisso.,Mantenere se utile a join; non duplicare policy di aggiornamento.
src/buffer.c,bufferRowDeleteByte,168,1,3,M,"void bufferRowDeleteByte(erow *row, int32_t at)",Convenienza sulla primitive di range; documentata come byte.,Preferire cancellazione range unico per grapheme completi.
src/buffer.c,bufferRowDeleteRange,178,1,7,A,"void bufferRowDeleteRange(erow *row, int32_t start, int32_t end)",Cancellazione di span mantiene size/NUL in un punto.,"Nucleo comune per delete, replace e outdent."
src/buffer.c,bufferRowOutdent,193,1,11,A,"int32_t bufferRowOutdent(erow *row, int32_t tab_stop)",Regola indipendente su tab o spazi esistenti; testabile.,"Riutilizzare per outdent di riga/blocco, distinta da reindentazione futura."
src/buffer.c,bufferSerialize,216,1,17,A,"char *bufferSerialize(const struct editorBuffer *buffer, enum lineEndingMode ending, uint8_t final_newline, size_t *out_len)",Policy disco con terminatori e newline finale; ownership chiara.,"Conservare per save, confronto disco e recovery."
src/buffer.c,bufferSerializeRange,248,1,20,A,"char *bufferSerializeRange(const struct editorBuffer *buffer, int32_t start_y, int32_t start_x, int32_t end_y, int32_t end_x, size_t *out_len)",Intervallo clipboard LF e NUL differisce dal formato disco.,Riutilizzabile per comandi di riga intera senza nuova serializzazione.
src/clipboard.c,internalCopy,28,1,6,M,"static void internalCopy(const char *data, size_t len)",Aggiorna buffer fallback e lunghezza in un punto.,Rimuovere controlli NULL irraggiungibili dopo allocator fatali.
src/clipboard.c,internalPaste,42,1,9,M,static char *internalPaste(size_t *outlen),Restituisce una copia posseduta del fallback.,Contratto stabile anche con più documenti.
src/clipboard.c,commandExists,62,1,22,A,static uint8_t commandExists(const char *cmd),Ricerca PATH senza shell e gestione segmenti vuoti.,Tenere privata finché non esiste un secondo uso concreto.
src/clipboard.c,detectBackend,93,1,20,A,static ClipboardBackend detectBackend(void),Ordine delle preferenze distinto dall'esecuzione processi.,Estendere tabella/backend senza cambiare editing.
src/clipboard.c,clipboardBackend,128,1,5,M,ClipboardBackend clipboardBackend(void),Lazy detection centralizzata; getter con semantica reale.,Valutare invalidazione solo se si aggiunge cambio backend runtime.
src/clipboard.c,clipboardBackendName,139,1,10,B,const char *clipboardBackendName(void),API descrittiva senza chiamante applicativo corrente.,Mantenere soltanto per un uso UI concreto; status personalizzata è condizionale.
src/clipboard.c,execCopyCommand,158,1,21,A,static void execCopyCommand(ClipboardBackend b),argv e uscita del figlio distinti dalla pipe del genitore.,Nuovi backend restano confinati qui o in una tabella semplice.
src/clipboard.c,execPasteCommand,186,1,21,A,static void execPasteCommand(ClipboardBackend b),argv di lettura specifici; non sovrapporre alle scritture.,Conservare separazione copy/paste senza helper generico forzato.
src/clipboard.c,waitForChild,215,1,7,A,static int32_t waitForChild(pid_t pid),Gestisce EINTR e stato figlio per entrambe le direzioni.,Riutilizzo locale corretto; non introdurre process framework.
src/clipboard.c,runCopyCommand,230,1,25,A,"static uint8_t runCopyCommand(ClipboardBackend b, const char *data, size_t len)","Pipe, fork, SIGPIPE, write e wait compongono un contratto.",Aggiungere timeout se requisito reale; preservare restituzione dell'esito.
src/clipboard.c,runPasteCommand,263,1,35,A,"static char *runPasteCommand(ClipboardBackend b, size_t *outlen)",Lettura dinamica e verifica figlio con ownership esplicita.,Uniformare policy OOM/EINTR; mantenere autonomia dal documento.
src/clipboard.c,clipboardCopy,311,1,10,A,"uint8_t clipboardCopy(const char *data, size_t len)",Facade backend/fallback impedisce dettagli POSIX nel comando.,Restare API comune a prompt e testo del documento.
src/clipboard.c,clipboardPaste,334,1,7,A,char *clipboardPaste(size_t *outlen),Facade restituisce dati e fallback con ownership uniforme.,Base corretta per comandi futuri di paste.
src/clipboard.c,clipboardFree,349,1,3,B,void clipboardFree(char *ptr),Solo free; valore limitato alla convenzione di ownership dell'API.,"Conservarlo se si vuole mantenere l'API di rilascio, senza priorità di refactoring."
src/command.c,commandGetDescriptor,35,1,7,A,const struct commandDescriptor *commandGetDescriptor(enum editorCommand command),"Fonte unica di etichetta, shortcut e legame setting.",Aggiungere metadati soltanto quando sostituiscono duplicazioni reali.
src/command.c,commandIsSetting,49,1,4,M,uint8_t commandIsSetting(enum editorCommand command),Predicato comune evita conoscenza della tabella ai menu.,Conservare; separare in futuro classe comando e binding tastiera.
src/command.c,commandIsChecked,60,1,5,A,"uint8_t commandIsChecked(enum editorCommand command, const struct editorSettings *settings)",Adatta comando a setting letto da copia live/draft.,Resta necessario con temi/menu opzionali.
src/command.c,commandToggleSetting,74,1,5,A,"uint8_t commandToggleSetting(enum editorCommand command, struct editorSettings *settings)",Mutazione della copia settings separata dall'applicazione/persistenza.,Utile per un executor comandi che non passi da tasti sintetici.
src/editor_state.c,editorSelectionRange,15,1,20,A,"uint8_t editorSelectionRange(const struct editorSelection *selection, const struct editorCursor *cursor, int32_t *start_y, int32_t *start_x, int32_t *end_y, int32_t *end_x)",Normalizza ancora/cursore in range ordinato senza globali.,"Base condivisa per editing, render e multi-buffer."
src/editor_state.c,editorAutoClosePairFor,46,1,7,B,"const struct autoClosePair *editorAutoClosePairFor(int32_t byte, uint8_t allow_single_quote)","Policy appropriata, ma oggi è scollegata dal percorso reale duplicato.",Integrarla come fonte unica e conservarla; altrimenti eliminare API/test orfani.
src/editor_state.c,editorIsAsymmetricAutoClose,61,1,3,B,"uint8_t editorIsAsymmetricAutoClose(const struct autoClosePair *pair, int32_t close_byte)",Predicato testato ma non usato dall'applicazione.,"Collegarlo alla policy unica di auto-close, senza aggiungere un secondo livello inutile."
src/history.c,historyMakeSnapshot,16,1,14,A,undoSnapshot historyMakeSnapshot(const struct editorDocument *document),"Copia posseduta di testo/cursore, indipendente dal render.",Contratto utile anche se gli snapshot saranno sostituiti da delta.
src/history.c,historyFreeSnapshot,37,1,6,A,void historyFreeSnapshot(undoSnapshot *snapshot),Distruzione completa di una risorsa complessa.,Conservare con qualsiasi rappresentazione della history.
src/history.c,clearStack,50,1,3,M,"static void clearStack(undoSnapshot *stack, int32_t count)",Un solo ciclo di distruzione per undo e redo.,Privato e proporzionato; nessuna nuova astrazione necessaria.
src/history.c,clearRedo,59,1,4,M,static void clearRedo(struct editorHistory *history),Nomina l'invalidazione al nuovo edit e azzera il conteggio.,Conservare come policy locale della history.
src/history.c,historyRecordEdit,70,1,18,A,"void historyRecordEdit(struct editorDocument *document, int32_t max_depth, enum undoEditType type, time_t now)","Grouping, invalidazione redo e limite profondità sono policy coese.",Separare unità dell'azione da tempo; profilare memoria snapshot.
src/history.c,popSnapshot,97,1,5,M,"static undoSnapshot popSnapshot(undoSnapshot **stack, int32_t *count)",Trasferimento ownership e decremento count centralizzati.,Evitare shrink ad ogni pop se le misure motivano capacità persistente.
src/history.c,historyBeginUndo,109,1,10,A,"uint8_t historyBeginUndo(struct editorDocument *document, undoSnapshot *snapshot)",Trasferisce stato attuale al redo e restituisce snapshot.,Conservare rispetto al restore per consentire ricostruzione cache esterna.
src/history.c,historyBeginRedo,126,1,10,A,"uint8_t historyBeginRedo(struct editorDocument *document, undoSnapshot *snapshot)",Operazione simmetrica con direzione esplicita.,La piccola duplicazione non giustifica un enum direzione generico oggi.
src/history.c,historyRestoreSnapshot,143,1,11,A,"void historyRestoreSnapshot(struct editorDocument *document, const undoSnapshot *snapshot)",Ripristina sorgente/cursore senza accoppiare syntax/UI.,Chiarire metadata/selection inclusi quando si definisce undo futuro.
src/history.c,historyClear,161,1,8,A,void historyClear(struct editorHistory *history),Lifecycle completo di undo/redo e grouping.,Riutilizzabile nella distruzione dei singoli documenti.
src/linenoise.c,utf8ByteLen,160,0,8,H,static int utf8ByteLen(char c),Confine interno pertinente: Stima lead byte distinta dalla validazione del decoder. Implementazione storica distinta.,"Nessuna necessità nel binario; usare utf8.c attuale, con decoding bounded e recovery, per ogni nuova feature."
src/linenoise.c,utf8DecodeChar,176,0,28,H,"static uint32_t utf8DecodeChar(const char *s, size_t *len)",Confine interno pertinente: Contratto rigoroso available/consumed/valid; essenziale per tutto il testo. Implementazione storica distinta.,"Nessuna necessità nel binario; usare utf8.c attuale, con decoding bounded e recovery, per ogni nuova feature."
src/linenoise.c,isVariationSelector,211,0,3,H,static int isVariationSelector(uint32_t cp),Confine interno pertinente: Proprietà Unicode nominata e riusata. Implementazione storica distinta.,"Nessuna necessità nel binario; usare utf8.c attuale, con decoding bounded e recovery, per ogni nuova feature."
src/linenoise.c,isSkinToneModifier,220,0,3,H,static int isSkinToneModifier(uint32_t cp),Confine interno pertinente: Proprietà emoji distinta da combining marks. Implementazione storica distinta.,"Nessuna necessità nel binario; usare utf8.c attuale, con decoding bounded e recovery, per ogni nuova feature."
src/linenoise.c,isZWJ,229,0,3,H,static int isZWJ(uint32_t cp),Confine interno pertinente: Predicato piccolo ma esprime regola condivisa di composizione. Implementazione storica distinta.,"Nessuna necessità nel binario; usare utf8.c attuale, con decoding bounded e recovery, per ogni nuova feature."
src/linenoise.c,isRegionalIndicator,238,0,3,H,static int isRegionalIndicator(uint32_t cp),"Confine interno pertinente: Regola bandiere distinta, condivisa avanti/indietro. Implementazione storica distinta.","Nessuna necessità nel binario; usare utf8.c attuale, con decoding bounded e recovery, per ogni nuova feature."
src/linenoise.c,isCombiningMark,248,0,7,H,static int isCombiningMark(uint32_t cp),Confine interno pertinente: Range supportati centralizzati per grouping/width. Implementazione storica distinta.,"Nessuna necessità nel binario; usare utf8.c attuale, con decoding bounded e recovery, per ogni nuova feature."
src/linenoise.c,isGraphemeExtend,261,0,4,H,static int isGraphemeExtend(uint32_t cp),Confine interno pertinente: Compone proprietà usate dai due versi di navigazione. Implementazione storica distinta.,"Nessuna necessità nel binario; usare utf8.c attuale, con decoding bounded e recovery, per ogni nuova feature."
src/linenoise.c,utf8DecodePrev,273,0,13,H,"static uint32_t utf8DecodePrev(const char *buf, size_t pos, size_t *cplen)",Confine interno pertinente: Ricerca suffix bounded distinta dal forward decoder. Implementazione storica distinta.,"Nessuna necessità nel binario; usare utf8.c attuale, con decoding bounded e recovery, per ogni nuova feature."
src/linenoise.c,utf8PrevCharLen,300,0,37,H,"static size_t utf8PrevCharLen(const char *buf, size_t pos)","Confine interno pertinente: Passo grapheme all'indietro, indipendente da UI. Implementazione storica distinta.","Nessuna necessità nel binario; usare utf8.c attuale, con decoding bounded e recovery, per ogni nuova feature."
src/linenoise.c,utf8NextCharLen,361,0,34,H,"static size_t utf8NextCharLen(const char *buf, size_t pos, size_t len)",Confine interno pertinente: Passo grapheme bounded avanti con recupero byte singolo. Implementazione storica distinta.,"Nessuna necessità nel binario; usare utf8.c attuale, con decoding bounded e recovery, per ogni nuova feature."
src/linenoise.c,utf8CharWidth,423,0,38,H,static int utf8CharWidth(uint32_t cp),Confine interno pertinente: Larghezza codepoint distinta da sequenza/grapheme. Implementazione storica distinta.,"Nessuna necessità nel binario; usare utf8.c attuale, con decoding bounded e recovery, per ogni nuova feature."
src/linenoise.c,ansiEscapeLen,485,0,9,H,"static size_t ansiEscapeLen(const char *s, size_t len)",Confine interno pertinente: Misura escape bounded per stringhe decorate. Implementazione storica distinta.,"Nessuna necessità nel binario; usare utf8.c attuale, con decoding bounded e recovery, per ogni nuova feature."
src/linenoise.c,utf8StrWidth,507,0,26,H,"static size_t utf8StrWidth(const char *s, size_t len)","Confine interno pertinente: Primitive utile, oggi usata nei test ma non nel core attivo. Implementazione storica distinta.","Nessuna necessità nel binario; usare utf8.c attuale, con decoding bounded e recovery, per ogni nuova feature."
src/linenoise.c,utf8SingleCharWidth,552,0,6,H,"static int utf8SingleCharWidth(const char *s, size_t len)",Confine interno pertinente: Larghezza di un'unità con fallback invalid coerente. Implementazione storica distinta.,"Nessuna necessità nel binario; usare utf8.c attuale, con decoding bounded e recovery, per ogni nuova feature."
src/linenoise.c,linenoiseMaskModeEnable,620,0,3,H,void linenoiseMaskModeEnable(void),Setter pubblico nominato; separazione interna proporzionata alla policy mask.,Non introdurre password prompt nell'editor senza requisito.
src/linenoise.c,linenoiseMaskModeDisable,629,0,3,H,void linenoiseMaskModeDisable(void),Operazione inversa pubblica leggibile; non accorpare solo per una riga.,Nessuna necessità per il core attuale.
src/linenoise.c,linenoiseSetMultiLine,639,0,3,H,void linenoiseSetMultiLine(int ml),API di modalità propria del vecchio line editor.,Non equivale al soft-wrap del documento attuale.
src/linenoise.c,isUnsupportedTerm,649,0,8,H,static int isUnsupportedTerm(void),Detection capability separata dal fallback input.,"Riutilizzare il concetto, non aggiungere dipendenza dal modulo storico."
src/linenoise.c,enableRawMode,666,0,26,H,static int enableRawMode(int fd),Setup POSIX autonomo con workaround specifico del prototipo.,Il core ha terminalEnableRawMode; evitare duplicazione.
src/linenoise.c,disableRawMode,716,0,10,H,static void disableRawMode(int fd),Cleanup distintamente richiamabile da uscita e stop.,Usare lifecycle terminal.c attuale.
src/linenoise.c,getCursorPosition,736,0,15,H,"static int getCursorPosition(int ifd, int ofd)",Query terminale separata dalle dimensioni e con file descriptor espliciti.,Il fallback esiste già in terminal.c; nessun secondo algoritmo necessario.
src/linenoise.c,getColumns,764,0,24,H,"static int getColumns(int ifd, int ofd)","Facade ioctl/query/fallback a 80, coesa nel vecchio editor.",Usare terminalGetWindowSize e geometry corrente.
src/linenoise.c,linenoiseClearScreen,807,0,4,H,void linenoiseClearScreen(void),API di emissione ANSI piccola e autonoma.,Nessuna esigenza di reintegrarla; refresh corrente possiede il frame.
src/linenoise.c,linenoiseBeep,819,0,4,H,static void linenoiseBeep(void),"Feedback minimo nominato, interno e coeso.",Eventuale beep nuovo resta policy editor/terminale.
src/linenoise.c,freeCompletions,832,0,7,H,static void freeCompletions(linenoiseCompletions *lc),Distruzione di tutte le stringhe e vettore; separazione necessaria internamente.,Concetto utile al completion percorsi; nuovo owner esplicito nel prompt attuale.
src/linenoise.c,refreshLineWithCompletion,854,0,21,H,"static void refreshLineWithCompletion(struct linenoiseState *ls, linenoiseCompletions *lc, int flags)",Disegna proposta salvando/ripristinando stato reale; operazione autonoma.,Per completion futuro preferire modello proposta senza mutare temporaneamente lo stato.
src/linenoise.c,completeLine,902,0,45,H,"static int completeLine(struct linenoiseState *ls, int keypressed)",Controller Tab/Esc/commit mescola navigazione e render.,"Ispirazione per stati, non copia diretta del controller nel core."
src/linenoise.c,linenoiseSetCompletionCallback,960,0,3,H,void linenoiseSetCompletionCallback(linenoiseCompletionCallback *fn),"API callback piccola, legittima per libreria standalone.","Completion futuro può usare callback prompt limitata, non includere tutta la libreria."
src/linenoise.c,linenoiseSetHintsCallback,970,0,3,H,void linenoiseSetHintsCallback(linenoiseHintsCallback *fn),API hint indipendente dal completamento.,Nessuna necessità attuale; aggiungere solo con feature hint richiesta.
src/linenoise.c,linenoiseSetFreeHintsCallback,980,0,3,H,void linenoiseSetFreeHintsCallback(linenoiseFreeHintsCallback *fn),Esplicita ownership dei dati prodotti dalla callback.,Con nuove callback definire ownership insieme al contratto.
src/linenoise.c,linenoiseAddCompletion,995,0,14,H,"void linenoiseAddCompletion(linenoiseCompletions *lc, const char *str)",Copia/append con recovery OOM locale; confine appropriato.,Implementazione nuova deve usare policy alloc del progetto e destructor completo.
src/linenoise.c,abInit,1027,0,4,H,static void abInit(struct abuf *ab),Setup buffer output storico; helper minimo.,Core usa ABUF_INIT; non creare seconda famiglia di buffer.
src/linenoise.c,abAppend,1038,0,7,H,"static void abAppend(struct abuf *ab, const char *s, int len)",Append fallibile che tronca output silenziosamente su OOM.,Non riusare: core ha allocator controllati e deve mantenere quella policy.
src/linenoise.c,abFree,1053,0,3,H,static void abFree(struct abuf *ab),Rilascio semplice con nome risorsa.,Nessuna necessità distinta dal buffer frame corrente.
src/linenoise.c,foldCountLines,1078,0,7,H,"static size_t foldCountLines(const char *buf, size_t len)",Conteggio newline per placeholder fold isolato.,Fold non pianificati: nessuna utility nuova giustificata oggi.
src/linenoise.c,shouldFoldText,1093,0,3,H,"static int shouldFoldText(const char *buf, size_t len)",Policy soglia/multilinea nominata e riusata.,Non introdurre fold dell'editor per riutilizzare questo predicato.
src/linenoise.c,foldSetRenderedText,1103,0,11,H,"static void foldSetRenderedText(struct linenoiseFold *f, const char *buf)",Costruisce etichetta del fold a partire da contenuto.,Mantenere solo storico; eventuale fold richiede modello documento diverso.
src/linenoise.c,linenoiseBuildHistoryFold,1127,0,36,H,"static int linenoiseBuildHistoryFold(struct linenoiseState *l, struct linenoiseFold *f)",Calcola intervallo con contesto per history; algoritmo specifico.,Non confondere history di righe con undo dell'editor.
src/linenoise.c,linenoiseGetRenderFolds,1181,0,16,H,"static int linenoiseGetRenderFolds(struct linenoiseState *l, struct linenoiseFolds *fs)",Raccoglie fold validi per render/edit; confine interno utile.,Nuovi fold richiederebbero policy esplicita e nuovi test.
src/linenoise.c,linenoiseRenderBuffer,1214,0,54,H,"static int linenoiseRenderBuffer(struct linenoiseState *l, char **out, size_t *outlen, size_t *outpos)",Proiezione sorgente/fold e mapping cursore; separazione algoritmica forte.,"Ispirazione per separare testo/render, non implementazione da trasferire."
src/linenoise.c,linenoiseEditNextLen,1286,0,11,H,"static size_t linenoiseEditNextLen(struct linenoiseState *l, size_t pos)","Passo avanti aggrega fold e grapheme, diverso da semplice UTF-8.",Core senza fold deve usare utf8NextCharLen attuale.
src/linenoise.c,linenoiseEditPrevLen,1305,0,11,H,"static size_t linenoiseEditPrevLen(struct linenoiseState *l, size_t pos)",Passo inverso con policy fold autonoma.,Core usa utf8PrevCharLen attuale.
src/linenoise.c,linenoiseFoldAdd,1324,0,13,H,"static void linenoiseFoldAdd(struct linenoiseState *l, size_t start, size_t end)",Inserimento ordinato con limite fold; primitive appropriata.,Nessuna necessità per nuove feature attualmente pianificate.
src/linenoise.c,linenoiseFoldClear,1345,0,3,H,static void linenoiseFoldClear(struct linenoiseState *l),Reset esplicito piccolo ma significativo.,"Conservare storico, non importare stato fold nel core."
src/linenoise.c,linenoiseFoldRemove,1355,0,7,H,"static void linenoiseFoldRemove(struct linenoiseState *l, int j)",Compatta due array coordinati e count.,Per una nuova feature evitare array paralleli se non necessari.
src/linenoise.c,linenoiseRangeOverlapsFold,1369,0,9,H,"static int linenoiseRangeOverlapsFold(struct linenoiseState *l, size_t pos, size_t len)",Predicato range strutturale autonomo.,Non generalizzare range framework a partire da questo solo caso.
src/linenoise.c,linenoiseAdjustFoldsAfterInsert,1386,0,14,H,"static void linenoiseAdjustFoldsAfterInsert(struct linenoiseState *l, size_t pos, size_t len)",Trasla/invalida intervalli dopo insert; policy distinta.,"Esempio di invalidazione derivata, non codice attualmente richiesto."
src/linenoise.c,linenoiseAdjustFoldsAfterDelete,1408,0,15,H,"static void linenoiseAdjustFoldsAfterDelete(struct linenoiseState *l, size_t pos, size_t len)",Policy di invalidazione dopo delete con semantica differente.,Eventuali decorazioni future richiedono propria semantica di range.
src/linenoise.c,refreshShowHints,1432,0,35,H,"void refreshShowHints(struct abuf *ab, struct linenoiseState *l, int pwidth, size_t bufwidth)",Disegno hint bounded e ownership callback separati.,Piccolo renderer dedicato soltanto se la feature hint viene approvata.
src/linenoise.c,refreshSingleLine,1488,0,58,H,"static void refreshSingleLine(struct linenoiseState *l, int flags)","Layout, clipping, mask, hints e output concentrati.","Core ha renderer fullscreen; trasferire invarianti width, non il ramo storico."
src/linenoise.c,refreshMultiLine,1583,0,82,H,"static void refreshMultiLine(struct linenoiseState *l, int flags)","Pulizia vecchie righe, geometry e output molto concentrati.",Non usarlo per il wrapping documento corrente.
src/linenoise.c,refreshLineWithFlags,1697,0,6,H,"static void refreshLineWithFlags(struct linenoiseState *l, int flags)","Dispatcher tra due modalità, helper appropriato internamente.",Nessun dispatcher aggiuntivo richiesto nel core.
src/linenoise.c,refreshLine,1710,0,3,H,static void refreshLine(struct linenoiseState *l),"Facade flags predefiniti, convenienza media.",Core non usa API linenoise; evitare wrapper equivalenti per inerzia.
src/linenoise.c,linenoiseHide,1720,0,6,H,void linenoiseHide(struct linenoiseState *l),Operazione di pulizia display per API asincrona.,Nessuna nuova astrazione hide/show senza UI asincrona richiesta.
src/linenoise.c,linenoiseShow,1732,0,7,H,void linenoiseShow(struct linenoiseState *l),Ridisegno consapevole di completion; non semplice alias.,La presentazione del frame corrente deve restare unificata.
src/linenoise.c,linenoiseEditGrow,1747,0,20,H,"static int linenoiseEditGrow(struct linenoiseState *l, size_t needed)",Capacità bounded e OOM recuperabile; confine corretto.,"Principio utile al prompt, con teRealloc e policy del progetto."
src/linenoise.c,linenoiseEditInsertNoRefresh,1788,0,16,H,"static int linenoiseEditInsertNoRefresh(struct linenoiseState *l, const char *c, size_t clen)",Separa mutazione e redraw; scelta interna giustificata.,"Principio da applicare al batching attuale, senza riportare fold/history."
src/linenoise.c,linenoiseEditInsert,1820,0,25,H,"int linenoiseEditInsert(struct linenoiseState *l, const char *c, size_t clen)",Comando con fast-path output e fallback redraw.,Per core attuale privilegiare batching coerente prima di fast-path.
src/linenoise.c,linenoiseEditMoveLeft,1855,0,6,H,void linenoiseEditMoveLeft(struct linenoiseState *l),"Comando movimento più refresh, piccolo e autonomo.",Core ha editorMoveCursor; nessuna duplice API da mantenere.
src/linenoise.c,linenoiseEditMoveRight,1868,0,6,H,void linenoiseEditMoveRight(struct linenoiseState *l),Azione simmetrica con passo grapheme/fold.,Usare navigazione fullscreen corrente.
src/linenoise.c,linenoiseEditMoveHome,1880,0,6,H,void linenoiseEditMoveHome(struct linenoiseState *l),Comando nominato con guardia no-op.,Home visual/logico corrente ha policy diversa.
src/linenoise.c,linenoiseEditMoveEnd,1892,0,6,H,void linenoiseEditMoveEnd(struct linenoiseState *l),"Comando nominato, aggiornamento e refresh coerenti.",Core gestisce fine segmento/documento con layout dedicato.
src/linenoise.c,linenoiseEditHistoryNext,1910,0,28,H,"void linenoiseEditHistoryNext(struct linenoiseState *l, int dir)","History, resize, fold e redraw troppo accoppiati.","Non usarlo per multi-buffer: quello conserva documenti, non righe di history."
src/linenoise.c,linenoiseEditDelete,1956,0,10,H,void linenoiseEditDelete(struct linenoiseState *l),Delete unità e invalidazione fold raccolti.,Core deve cancellare un range grapheme una volta con cache coerenti.
src/linenoise.c,linenoiseEditBackspace,1973,0,11,H,void linenoiseEditBackspace(struct linenoiseState *l),Delete inverso distinto dal forward delete.,Nessuna necessità di importazione; principi di ownership utili.
src/linenoise.c,linenoiseEditDeletePrevWord,1991,0,13,H,void linenoiseEditDeletePrevWord(struct linenoiseState *l),Azione parola con regola spazi semplice.,"Se introdotta nel core, usare navigation policy corrente e undo atomico."
src/linenoise.c,linenoiseEditStart,2016,0,25,H,"int linenoiseEditStart(struct linenoiseState *l, int stdin_fd, int stdout_fd, char *buf, size_t buflen, const char *prompt)","Session setup, raw mode, buffer e history insieme.",Startup attuale deve distinguere app/documento/input.
src/linenoise.c,pasteBufferReserve,2064,0,20,H,"static int pasteBufferReserve(char **buf, size_t *cap, size_t len, size_t need)","Grow bounded separato da append, gestione overflow/OOM.","Confine capacità utile per correggere prompt/paste, non dipendenza da linenoise."
src/linenoise.c,pasteBufferAppend,2100,0,12,H,"static int pasteBufferAppend(struct linenoiseState *l, char **buf, size_t *cap, size_t *len, const char *s, size_t slen, size_t maxlen)",Controlla limiti paste/editor prima della copia.,Nuovi limiti sono decisione di policy; preservare size_t ai confini byte.
src/linenoise.c,linenoiseEditPaste,2122,0,64,H,static void linenoiseEditPaste(struct linenoiseState *l),"Protocollo, overflow, newline e fold concentrati.",Core ha terminalReadPastedText e replace-selection: mantenere quei confini.
src/linenoise.c,linenoiseEditFeed,2210,0,177,H,char *linenoiseEditFeed(struct linenoiseState *l),"Dispatcher storico esteso con parsing, completion e mutazioni.",Non reintegrarlo; stessa ragione per dividere dispatcher attuale.
src/linenoise.c,linenoiseEditStop,2426,0,5,H,void linenoiseEditStop(struct linenoiseState *l),Cleanup della sessione interattiva separato dal feed.,Il core usa cleanup terminale atexit e lifecycle documento.
src/linenoise.c,linenoiseBlockingEdit,2445,0,20,H,"static char *linenoiseBlockingEdit(int stdin_fd, int stdout_fd, const char *prompt)",Adatta API feed a loop sincrono con ownership buffer.,Non reintegrare per prompt: significherebbe due stack input/termios.
src/linenoise.c,linenoisePrintKeyCodes,2475,0,22,H,void linenoisePrintKeyCodes(void),Strumento diagnostico autonomo e utile per vedere byte reali.,"Concetto utile per verifiche con utente, preferire logger mirato separato."
src/linenoise.c,linenoiseReadLine,2508,0,37,H,"static char *linenoiseReadLine(FILE *fp, int *err)",Lettura dinamica standalone con error propagation.,Nuovo loader deve distinguere EOF/errori e usare policy alloc attuale.
src/linenoise.c,linenoiseNoTTY,2560,0,3,H,static char *linenoiseNoTTY(void),Facade della lettura semplice; granularità interna di convenienza.,Non amplia automaticamente tinyedit a editing non-TTY.
src/linenoise.c,linenoise,2577,0,21,H,char *linenoise(const char *prompt),"Entry point con routing TTY/fallback, coeso per libreria.",Nessuna necessità nel binario fullscreen.
src/linenoise.c,linenoiseFree,2614,0,4,H,void linenoiseFree(void *ptr),Rilascio con riconoscimento sentinella; non è semplice free.,Nuove API devono evitare confusione dati/sentinel se non necessaria.
src/linenoise.c,freeHistory,2627,0,8,H,static void freeHistory(void),"Distruttore history globale, confine risorsa legittimo.",Undo corrente ha historyClear per documento.
src/linenoise.c,linenoiseAtExit,2643,0,4,H,static void linenoiseAtExit(void),"Coordina raw cleanup e history, hook legittimo.",Core ha propri handler; non sovrapporre lifecycle.
src/linenoise.c,linenoiseHistoryAdd,2662,0,20,H,int linenoiseHistoryAdd(const char *line),Inserimento/dedup/limite della history delle righe.,Non sostituisce historyRecordEdit; modelli differenti.
src/linenoise.c,linenoiseHistorySetMaxLen,2702,0,22,H,int linenoiseHistorySetMaxLen(int len),Resize e rilascio elementi eccedenti sono policy coese.,Nessuna necessità per undo depth corrente senza revisione della rappresentazione.
src/linenoise.c,linenoiseHistorySave,2737,0,19,H,int linenoiseHistorySave(const char *filename),Persistenza history e permessi autonomi.,Non unificare con salvataggio documento; formato/policy differenti.
src/linenoise.c,linenoiseHistoryLoad,2767,0,20,H,int linenoiseHistoryLoad(const char *filename),Lettura history e decodifica newline autonome.,Nessun requisito corrente di history prompt persistente.
src/menu.c,menuFirstItem,47,1,6,M,static int32_t menuFirstItem(int32_t menu_index),Salta i separatori e definisce il focus iniziale.,Conservare finché le definizioni restano statiche e non vuote.
src/menu.c,menuNextItem,60,1,7,A,"static int32_t menuNextItem(int32_t menu_index, int32_t item, int32_t delta)",Navigazione circolare che evita separatori.,Validare menu senza elementi se si introducono voci dinamiche.
src/menu.c,menuStartColumn,74,1,6,M,static int32_t menuStartColumn(int32_t menu_index),Posizione comune a draw e hit testing.,"Se layout diventa adattivo, usare geometria condivisa per entrambe."
src/menu.c,menuWidth,87,1,13,A,static int32_t menuWidth(const struct menuDefinition *definition),Misura unica di label/shortcut/checkmark.,Con nuovi testi usare larghezza Unicode e clipping viewport.
src/menu.c,menuAppendAt,107,1,6,M,"static void menuAppendAt(menuAppendFn append, void *context, int32_t row, int32_t col, const char *text)",Incapsula posizione ANSI e callback di output.,Confine utile senza imporre un framework di rendering.
src/menu.c,menuAppendRule,122,1,5,M,"static void menuAppendRule(menuAppendFn append, void *context, int32_t row, int32_t col, const char *left, const char *right, int32_t width)",Bordi ripetuti e posizionamento raccolti.,Mantenere privato; eventuale tema modifica un punto.
src/menu.c,menuInit,135,1,5,M,void menuInit(struct editorMenu *menu),Inizializzazione semanticamente distinta da apertura.,Piccola duplicazione con menuOpen accettabile.
src/menu.c,menuOpen,147,1,5,M,void menuOpen(struct editorMenu *menu),Azione di apertura con reset focus.,Conservare per input da tastiera e mouse.
src/menu.c,menuHandleKey,160,1,23,A,"enum editorCommand menuHandleKey(struct editorMenu *menu, int32_t key)","Traduce navigazione menu in comando, senza eseguirlo.",Buon modello per altre UI: risultato esplicito invece di tasto sintetico.
src/menu.c,menuHandleMouse,197,1,31,A,"enum editorCommand menuHandleMouse(struct editorMenu *menu, int32_t row, int32_t col, int32_t menu_row, uint8_t pressed, uint8_t motion)",Hit testing e selezione menu autonomi.,Con clipping serve un rettangolo comune al disegno.
src/menu.c,menuDrawBar,237,1,18,A,"void menuDrawBar(const struct editorMenu *menu, const struct editorSettings *settings, menuAppendFn append, void *context)",Barra separata dal popup; callback limita l'accoppiamento.,Adatta alla build vanilla come feature esclusa.
src/menu.c,menuDrawPopup,264,1,41,A,"void menuDrawPopup(const struct editorMenu *menu, const struct editorSettings *settings, int32_t menu_row, menuAppendFn append, void *context)",Disegno popup coeso; non va spezzato per ogni elemento.,Bounding/clipping se voci o viewport diventano dinamiche.
src/render.c,renderGutterWidth,15,1,10,A,"int32_t renderGutterWidth(const struct editorBuffer *buffer, uint8_t show_line_numbers)",Regola di larghezza unica per buffer/view.,"Conservare per navigazione, mouse e disegno."
src/render.c,renderTextCols,32,1,4,A,"int32_t renderTextCols(const struct editorView *view, const struct editorBuffer *buffer, uint8_t show_line_numbers)",Sottrae il gutter e protegge la larghezza disponibile.,Viewport esplicita favorisce sidebar e split futuri.
src/render.c,renderSoftWrapCols,44,1,6,A,"int32_t renderSoftWrapCols(const struct editorView *view, const struct editorBuffer *buffer, uint8_t show_line_numbers, int32_t soft_wrap)",Centralizza cap/margine e minimo; contratto distinto.,Non confondere minimo positivo con capacità di contenere glyph larghi.
src/render.c,renderRowSegments,58,1,56,A,"int32_t renderRowSegments(erow *row, int32_t wrapcols)",Cache di segmenti e doppia unità byte/colonna essenziali; correggere avanzamento.,Unico algoritmo di wrap per ogni vista; cache per larghezza da rivedere con viste multiple.
src/render.c,renderSegmentVisibleEnd,123,1,5,A,"int32_t renderSegmentVisibleEnd(const erow *row, int32_t segment_count, const int32_t *segment_starts, int32_t segment)","Fine byte senza spazi, utilizzata per slicing.",Conservare distinta dalla fine in colonne.
src/render.c,renderSegmentVisibleEndRx,136,1,10,A,"int32_t renderSegmentVisibleEndRx(const erow *row, int32_t segment_count, const int32_t *segment_starts, const int32_t *segment_starts_rx, int32_t segment, int32_t tab_stop)",Fine visiva distinta dai byte; policy trailing spaces.,Allineare al layout Unicode/tab unico.
src/render.c,renderRxToSegment,155,1,7,A,"void renderRxToSegment(erow *row, int32_t wrapcols, int32_t rx, int32_t *segment, int32_t *column)",Traduzione colonna → segmento e offset locale.,Confine utile per cursore e hit testing.
src/render.c,renderRowVideoHeight,171,1,3,M,"int32_t renderRowVideoHeight(struct editorBuffer *buffer, int32_t file_row, int32_t wrapcols)",Nomina la misura logica → video con policy no-wrap.,Conservare come punto d'accesso alla cache.
src/render.c,renderVideoRowOf,182,1,6,A,"int32_t renderVideoRowOf(struct editorBuffer *buffer, int32_t file_row, int32_t segment, int32_t wrapcols)",Trasforma posizione logica in coordinata video.,"Se profiling lo richiede, aggiungere indice delle altezze qui."
src/render.c,renderFileRowAtVideoRow,196,1,14,A,"void renderFileRowAtVideoRow(struct editorBuffer *buffer, int32_t video_row, int32_t wrapcols, int32_t *file_row, int32_t *segment)",Conversione inversa con gestione EOF/empty.,Definire esplicitamente fallback dell'ultimo segmento; test su viewport vuote.
src/render.c,renderTotalVideoRows,219,1,6,A,"int32_t renderTotalVideoRows(struct editorBuffer *buffer, int32_t wrapcols)",Conteggio condiviso che può popolare cache.,Calcolare una volta per frame; invalidazione con modifiche/larghezza.
src/settings.c,settingSlot,176,1,3,A,"static int32_t *settingSlot(struct editorSettings *s, const struct settingDescriptor *d)",Concentra offset e requisito int32_t dei campi.,Conservare vincolo dimensioni; accessor pubblico solo se evita duplicazione reale.
src/settings.c,settingSlotConst,186,1,3,A,"static const int32_t *settingSlotConst(const struct editorSettings *s, const struct settingDescriptor *d)",Mantiene const-correctness dell'accesso generico.,Non fondere con cast che eliminino const.
src/settings.c,settingsFind,196,1,7,A,const struct settingDescriptor *settingsFind(const char *key),Ricerca descriptor utilizzata dai comandi.,Riutilizzarla nel parser invece di mantenere ricerca equivalente.
src/settings.c,settingsGetBool,210,1,5,A,"uint8_t settingsGetBool(const struct editorSettings *settings, const char *key)",Verifica tipo e restituisce booleano del setting.,Contratto stabile per menu e altre UI.
src/settings.c,settingsToggleBool,222,1,6,A,"uint8_t settingsToggleBool(struct editorSettings *settings, const char *key)",Verifica tipo e modifica solo lo slot pertinente.,Conservare separata da persist/apply.
src/settings.c,settingsDefaults,235,1,39,A,void settingsDefaults(struct editorSettings *out),"Unico punto di reset/default, semplice anche se lungo.",Allineare nuovi campi/descriptor con test di copertura; non un helper per assegnazione.
src/settings.c,configPath,282,1,7,M,"static const char *configPath(char *buf, size_t buflen)",Nome config e troncamento uniformi per read/write.,Tenere privata salvo esigenza concreta di path condiviso.
src/settings.c,enumIndexOf,296,1,5,M,"static int32_t enumIndexOf(const char *const *names, const char *name)",Ricerca nome → enum senza duplicare nel parser.,Conservare per nuove opzioni enum.
src/settings.c,settingColorFromLegacyName,326,1,6,A,static int32_t settingColorFromLegacyName(const char *name),Compatibilità storica isolata dalla palette corrente.,Rimuovere solo con scelta esplicita di fine compatibilità.
src/settings.c,trim,339,1,7,M,static void trim(char *s),"Normalizzazione parser locale, piccola e riusata.",Non forzare utility condivisa con syntax: ownership differente.
src/settings.c,addFiletypeOverride,354,1,14,A,"static void addFiletypeOverride(const char *ext, const char *name)",Replace/append e ownership del registry centralizzati.,"Valutare registry esplicito per reload, non per multi-buffer da solo."
src/settings.c,settingsSetFiletype,379,1,4,M,"void settingsSetFiletype(const char *ext, const char *name)",API validata per chiamanti esterni; non semplice alias.,Preservare separazione modifica registry/persistenza.
src/settings.c,freeFiletypeOverrides,390,1,9,A,static void freeFiletypeOverrides(void),Distruzione del registry prima del reload.,Conservare se si introduce caricamento esplicito di configurazioni.
src/settings.c,settingsLoad,407,1,57,A,void settingsLoad(struct editorSettings *out),Parsing piccolo con default/compatibilità/override; divisione ulteriore non urgente.,Accessor/parse valore condivisi se aumenta la varietà delle opzioni.
src/settings.c,settingsSave,487,1,39,A,uint8_t settingsSave(const struct editorSettings *s),Serializer e commit atomico della config; confine necessario.,Policy di durabilità e dati sconosciuti da decidere se si amplia il formato.
src/settings.c,filetypeForExtension,543,1,10,A,const char *filetypeForExtension(const char *ext),Ordine override/builtin in un punto.,Normalizzare confronto estensioni se si allinea alla syntax case-insensitive.
src/settings.c,ansiColorCode,569,1,29,A,const char *ansiColorCode(int32_t c),"Mappa enum → sequenza foreground, riusata.","Conservare o sostituire con tabella, senza motore temi anticipato."
src/settings.c,ansiBgColorCode,631,1,21,A,const char *ansiBgColorCode(int32_t c),Background ha semantica diversa da foreground/dim.,Conservare distinta e testare palette se estesa.
src/settings.c,settingColorIsDim,671,1,3,M,uint8_t settingColorIsDim(int32_t c),Predicato policy palette usato dalla UI.,Resta utile per filtrare scelte background.
src/settings.c,settingColorName,681,1,4,B,const char *settingColorName(int32_t c),Getter pubblico senza uso applicativo corrente.,Conservare solo per presentazione concreta/test dell'API; bassa priorità.
src/syntax.c,syntaxExtensionEquals,145,1,12,A,"static uint8_t syntaxExtensionEquals(const char *left, const char *right)",Confronto ASCII case-insensitive unico nel modulo.,"Candidato condiviso reale con detection editor, evitando dipendenza circolare."
src/syntax.c,syntaxIsAsciiLetter,169,1,4,M,static uint8_t syntaxIsAsciiLetter(unsigned char byte),Policy ASCII esplicita evita dipendenza dalla locale.,"Conservare come predicato lessicale, non sostituire con isalpha senza criterio."
src/syntax.c,syntaxLangForFilename,182,1,18,A,static const struct syntaxLang *syntaxLangForFilename(const char *filename),Precedenza user/builtin e estrazione estensione coese.,Risolvere una volta per documento se prestazioni/reload lo richiedono.
src/syntax.c,syntaxUserLangForExtension,222,1,10,A,static const struct syntaxLang *syntaxUserLangForExtension(const char *ext),Lookup user condiviso da capability e label.,Conservare come nucleo unico dei due getter.
src/syntax.c,syntaxUserLangHasExtension,241,1,3,M,uint8_t syntaxUserLangHasExtension(const char *ext),Facade booleana impedisce esposizione della struct lingua.,Utile alla segnalazione config mancante.
src/syntax.c,syntaxUserFiletypeForExtension,251,1,4,M,const char *syntaxUserFiletypeForExtension(const char *ext),Facade label con ownership borrowed chiara.,Resta pertinente al registry filetype.
src/syntax.c,syntaxDupTrimmed,292,1,9,A,static char *syntaxDupTrimmed(const char *s),"Normalizzazione con nuova ownership, diversa da trim in-place.",Riutilizzare nel parser; evitare copia intermedia se si accetta uno span.
src/syntax.c,syntaxSplitList,314,1,28,A,"static char **syntaxSplitList(const char *value, int32_t *out_count)",Parsing liste e ownership meritano confine dedicato.,Aggiungere distruttore completo per sostituzioni/errore/reload.
src/syntax.c,syntaxParseLangFile,353,1,100,S,static const struct syntaxLang *syntaxParseLangFile(const char *path),"Troppi campi, validation e trasferimenti ownership nel medesimo flusso.",Separare draft parse/validate/destroy; utile a nuove grammatiche e reload.
src/syntax.c,syntaxLoadUserLangs,486,1,25,A,static void syntaxLoadUserLangs(void),Scansione directory distinta dal parsing di un file.,Reload e lifetime espliciti soltanto se richiesti.
src/syntax.c,isWordBoundary,530,1,4,A,static uint8_t isWordBoundary(char c),Una policy di keyword boundary per il tokenizer.,Conservare con test sui byte UTF-8 e identificatori.
src/syntax.c,syntaxCharLenAt,541,1,6,A,"static int32_t syntaxCharLenAt(const char *s, int32_t len, int32_t i)",Passo bounded condiviso per scanner di testo.,"Usarlo uniformemente quando si attraversano caratteri, distinguendo fill di hl byte-wise."
src/syntax.c,syntaxIsIdentifierByte,556,1,7,A,"static uint8_t syntaxIsIdentifierByte(char c, const char *extra, uint8_t first)",Regola lessicale con prefissi e posizione iniziale.,Nuovi linguaggi estendono la policy senza toccare disegno.
src/syntax.c,syntaxHighlightQuoted,572,1,19,A,"static int32_t syntaxHighlightQuoted(erow *row, const char *s, int32_t len, int32_t start, uint8_t backslash_escapes)",Scanner quote condiviso fra generic e CSS.,Base utile per tokenizer Python dedicato; triple quote richiedono stato distinto.
src/syntax.c,matchKeyword,601,1,10,A,"static int32_t matchKeyword(const char *const *list, const char *s, int32_t avail)",Matching e boundary condivisi fra lingue tabellari.,Ottimizzare soltanto con misure su liste grandi.
src/syntax.c,syntaxHighlightRowGeneric,618,1,121,S,"static void syntaxHighlightRowGeneric(erow *row, const struct syntaxLang *lang, uint8_t prev_open_comment, uint8_t prev_open_math)","Ordine lessicale coeso, ma comment/math/number/identifier concentrati.",Estrarre scanner con risultato/progresso chiaro se si amplia; mantenere precedenze.
src/syntax.c,isMdExtension,806,1,3,M,static uint8_t isMdExtension(const char *ext),Nomina famiglia Markdown in detection/dispatcher.,Conservare piccolo predicato; no registry universale necessario.
src/syntax.c,syntaxTryHighlightDelimited,825,1,15,A,"static int32_t syntaxTryHighlightDelimited(erow *row, const char *s, int32_t len, int32_t i, const char *open, const char *close)",Algoritmo delimitatori condiviso per math.,Mantenere privato finché altre classi non condividono esattamente il contratto.
src/syntax.c,syntaxTryHighlightMath,859,1,25,A,"static int32_t syntaxTryHighlightMath(erow *row, const char *s, int32_t len, int32_t i)",Unifica formati math per generic e Markdown.,Conservare separato dalla gestione stato multilinea.
src/syntax.c,syntaxIsFrontMatterFence,901,1,6,A,"static uint8_t syntaxIsFrontMatterFence(const char *s, int32_t len)",Riconoscimento strutturale della fence autonomo.,"Utile a tokenizer Markdown, senza parser YAML completo."
src/syntax.c,syntaxHighlightFrontMatterLine,924,1,23,A,"static void syntaxHighlightFrontMatterLine(erow *row, const char *s, int32_t len)",Grammatica metadata distinta dagli inline Markdown.,Conservare come scanner limitato e documentato.
src/syntax.c,syntaxTryHighlightMarkdownTag,973,1,40,A,"static int32_t syntaxTryHighlightMarkdownTag(erow *row, const char *s, int32_t len, int32_t i)",Subscanner tag evita crescita dell'inline principale.,Condividere soltanto regole XML realmente identiche.
src/syntax.c,syntaxTryHighlightMarkdownLink,1045,1,41,A,"static int32_t syntaxTryHighlightMarkdownLink(erow *row, const char *s, int32_t len, int32_t i)",Link annidati e avanzamento sono responsabilità autonoma.,Aggiungere limiti/prove nesting se input arbitrari diventano requisito robustezza.
src/syntax.c,syntaxHighlightRowMarkdown,1104,1,180,S,"static void syntaxHighlightRowMarkdown(erow *row, uint8_t prev_in_fence, uint8_t prev_in_math, uint8_t prev_in_frontmatter, int32_t row_index, uint8_t prev_in_emphasis)",Stati di blocco e più scansioni inline disallineate nello stesso corpo.,"Separare block-state e scanner inline unico, utile anche a fence future."
src/syntax.c,isXmlExtension,1355,1,4,M,static uint8_t isXmlExtension(const char *ext),Predicato famiglia markup usato da più decisioni.,Allineare detection auto-close senza duplicare estensioni.
src/syntax.c,syntaxTryHighlightTemplateBlock,1368,1,29,A,"static int32_t syntaxTryHighlightTemplateBlock(erow *row, const char *s, int32_t len, int32_t i, const char *const *delimiters)",Configurazione delimitatori e classe token isolati dall'XML.,Punto naturale per nuove template definitions.
src/syntax.c,syntaxHighlightRowXml,1413,1,75,S,"static uint8_t syntaxHighlightRowXml(erow *row, uint8_t prev_open_comment, const char *const *template_delimiters)",Tag/attribute/quote/comment coesi ma più stati interni e scanner parziali.,Separare attributi/stringhe quando si introducono multilinea o annidamenti reali.
src/syntax.c,isCssExtension,1528,1,3,M,static uint8_t isCssExtension(const char *ext),Piccola policy di dispatcher/capability.,Nessun nuovo modulo giustificato per questo solo predicato.
src/syntax.c,syntaxHighlightRowCss,1538,1,45,A,"static uint8_t syntaxHighlightRowCss(erow *row, uint8_t prev_open_comment)","Scanner compatto per grammatica CSS, riusa quoted.",Mantenere locale; estrarre solo subscanner con nuovo riuso.
src/syntax.c,syntaxHighlightRow,1613,1,48,A,"void syntaxHighlightRow(erow *row, const char *filename, uint8_t syntax_highlight_enabled, uint8_t prev_open_comment, uint8_t prev_open_math, uint8_t prev_open_frontmatter, int32_t row_index, uint8_t prev_open_emphasis)",Facade che seleziona grammatica e gestisce stato/cache.,Sostituire molti flag con stato lessicale esplicito se cresce; supportare esclusione vanilla.
src/syntax.c,syntaxColorFor,1688,1,16,A,"const char *syntaxColorFor(enum syntaxHighlight hl, const struct editorSettings *s)",Classi lessicali indipendenti dalla palette configurata.,Confine utile per temi; escludibile nella build senza syntax.
src/syntax.c,syntaxHasBuiltinExtension,1720,1,10,A,uint8_t syntaxHasBuiltinExtension(const char *ext),Capability check coerente con dispatcher dedicati/tabellari.,Tenere allineato al registry quando si aggiungono grammatiche.
src/terminal.c,terminalDie,65,1,4,A,void terminalDie(const char *s),Errore fatale con exit che lascia eseguire cleanup.,Conservare ma distinguere errori recuperabili di documenti.
src/terminal.c,terminalDisableRawMode,76,1,4,A,void terminalDisableRawMode(void),Ripristino termios separato e registrabile atexit.,Cleanup dovrebbe gestire errore senza rientrare in exit ricorsivamente.
src/terminal.c,terminalRestoreVisualState,87,1,6,A,void terminalRestoreVisualState(void),Ripristino screen/attributi/cursore con guardia di stato.,Conservare unico punto al termine di ogni sessione.
src/terminal.c,terminalEnterAlternateScreen,100,1,6,A,void terminalEnterAlternateScreen(void),Attivazione e registrazione cleanup autonome.,Stessa coppia anche con schermate nuove.
src/terminal.c,terminalEnableRawMode,113,1,12,A,void terminalEnableRawMode(void),Configura POSIX e salva originale senza accoppiarsi all'editing.,Base di portabilità; nessun backend Windows anticipato.
src/terminal.c,terminalDisableBracketedPaste,150,1,3,A,void terminalDisableBracketedPaste(void),"Hook cleanup dedicato, pur essendo una singola write.",Conservare perché atexit richiede un'operazione distinta.
src/terminal.c,terminalEnableBracketedPaste,161,1,4,A,void terminalEnableBracketedPaste(void),Attiva protocollo e ne registra il cleanup.,Mantenere distinto dal consumo del payload.
src/terminal.c,terminalDisableKittyKeyboard,178,1,5,A,void terminalDisableKittyKeyboard(void),"Pop condizionale del protocollo, ownership dello stato.",Necessario per toggling runtime e uscita.
src/terminal.c,terminalEnableKittyKeyboard,190,1,9,A,void terminalEnableKittyKeyboard(void),Push idempotente con cleanup registrato una volta.,Conservare se si espande la tastiera estesa.
src/terminal.c,terminalConfigureGhosttyCommandBindings,212,1,81,S,uint8_t terminalConfigureGhosttyCommandBindings(uint8_t enabled),"Ricerca config, rewrite file e reload UI mescolati.","Separare locator/rewrite/reload in area specifica Ghostty, mantenendo policy attuale."
src/terminal.c,terminalReloadGhosttyConfiguration,311,1,19,A,static uint8_t terminalReloadGhosttyConfiguration(void),Processo osascript distinto dalla modifica file.,Resta integrazione specifica della piattaforma; non generalizzare process API ora.
src/terminal.c,terminalRemoveGhosttyCommandBindings,337,1,3,M,static void terminalRemoveGhosttyCommandBindings(void),Adattatore atexit senza argomenti; semanticamente necessario.,Conservare o sostituire con cleanup sessione equivalente.
src/terminal.c,terminalInputReady,358,1,7,A,uint8_t terminalInputReady(void),Polling POSIX isolato dalla policy di drenaggio mouse.,Non consumare eventi qui; introdurre queue/pending nel livello input.
src/terminal.c,terminalDisableMouseReporting,387,1,3,A,void terminalDisableMouseReporting(void),Ripristina modalità mouse e override shift.,"Necessario come hook runtime/atexit, anche se piccolo."
src/terminal.c,terminalEnableMouseReporting,397,1,4,A,void terminalEnableMouseReporting(void),Attivazione distinta dal reporting hover del menu.,Evitare registrazioni cleanup ripetute se molte attivazioni runtime.
src/terminal.c,terminalSetMenuMouseMotion,408,1,4,A,void terminalSetMenuMouseMotion(uint8_t enabled),"Switch protocollo specifico, separato dalla decisione menu.",Conservare con input mouse e menu opzionale.
src/terminal.c,handleWinch,420,1,4,A,static void handleWinch(int sig),Handler minimo signal-safe: modifica solo sig_atomic_t.,Conservare senza inserire rendering o allocazioni.
src/terminal.c,terminalEnableResizeHandling,431,1,7,A,void terminalEnableResizeHandling(void),Installazione handler separata dal consumo del flag.,Verificare esito sigaction se si rafforza avvio/diagnostica.
src/terminal.c,editorDrainUnknownCsiSequence,465,1,7,A,static void editorDrainUnknownCsiSequence(int32_t max),Recovery bounded del parser impedisce residui interpretati come testo.,Con parser unificato diventa stato/operazione equivalente.
src/terminal.c,terminalCsiUSuperShortcut,480,1,19,A,static int32_t terminalCsiUSuperShortcut(int32_t codepoint),Policy Command/Super confinata e testabile.,Mapparla a comandi quando input/eventi saranno separati.
src/terminal.c,terminalReadKey,509,1,217,S,int32_t terminalReadKey( #ifdef __APPLE__ uint8_t mac_command_keys #else void #endif ),"Acquisizione, pending, timeout, CSI/SS3/CSI-u e mouse nello stesso corpo.",Separare decoding su byte bounded da I/O; preservare sequenze verificate reali.
src/terminal.c,terminalReadPastedText,850,1,32,A,char *terminalReadPastedText(size_t *outlen),Payload paste ha protocollo/ownership distinti dai tasti.,Definire gestione letture parziali/timeouts prima di riusarlo per input più complesso.
src/terminal.c,getCursorPosition,911,1,14,A,"static int32_t getCursorPosition(int32_t *rows, int32_t *cols)",Fallback protocollo query distinto da ioctl.,Conservare privato; validare risposta e letture brevi.
src/terminal.c,terminalGetWindowSize,932,1,10,A,"int32_t terminalGetWindowSize(int32_t *rows, int32_t *cols)",Facade dimensioni con fallback; non dipende dal layout editor.,Riutilizzabile per sidebar/nuove schermate.
src/tinyedit.c,editorPrimaryModifier,188,1,7,M,static const char *editorPrimaryModifier(void),Policy UI Ctrl/Cmd usata in più messaggi.,Conservare come helper presentazione; separarla dai binding effettivi.
src/tinyedit.c,editorShortcutText,201,1,18,A,"static void editorShortcutText(char *dst, size_t dstsize, const char *src)",Trasformazione bounded condivisa fra splash/help/info/settings.,"Se shortcut diventano dati strutturati, generare testo da quei dati."
src/tinyedit.c,editorReadKey,226,1,7,M,static int32_t editorReadKey(void),Adattatore che lega impostazione macOS e firma condizionale.,Con eventi espliciti spostare policy nella sessione terminale.
src/tinyedit.c,editorRowCxToRx,241,1,3,M,"static int32_t editorRowCxToRx(erow *row, int32_t cx)",Adatta tab_stop corrente alla conversione condivisa.,"Con document/view espliciti passare contesto, senza duplicare algoritmo."
src/tinyedit.c,editorRowRxToCx,251,1,3,M,"static int32_t editorRowRxToCx(erow *row, int32_t target_rx)",Adatta tab_stop corrente al glyph contenente la colonna.,Mantenere contratto rounding e parametrizzare con nuove viste.
src/tinyedit.c,editorMatchingPairAtCursor,268,1,62,A,"static uint8_t editorMatchingPairAtCursor(int32_t *anchor_y, int32_t *anchor_x, int32_t *match_y, int32_t *match_x)",Scansione bilanciamento autonoma; più lunga ma coesa.,Estrarre dal globale per test puri; cache solo dopo profiling.
src/tinyedit.c,editorRehighlightFrom,341,1,20,A,"static void editorRehighlightFrom(int32_t from, uint8_t force)",Propaga stato lessicale fino a stabilizzazione.,Riutilizzare come commit degli aggiornamenti batch.
src/tinyedit.c,editorUpdateRow,368,1,37,S,static void editorUpdateRow(erow *row),"Espansione tab, invalidazione wrap, tokenizer e propagazione insieme; unità incoerenti.","Separare layout coerente e syntax, con aggiornamento batch e build vanilla."
src/tinyedit.c,editorUpdateAllRows,427,1,3,M,static void editorUpdateAllRows(void),Nomina ricostruzione globale per impostazioni/undo.,Evitare propagazioni replicate; rebuild layout e passata syntax ordinate.
src/tinyedit.c,editorInsertRow,437,1,6,A,"static void editorInsertRow(int32_t at, const char *s, size_t len)",Buffer insert + cache + dirty: aggiunge contratto reale.,"Conservare livello documento, rendendo esplicito il proprietario."
src/tinyedit.c,editorDelRow,450,1,6,A,static void editorDelRow(int32_t at),Delete strutturale + propagazione syntax + dirty.,Riutilizzarlo o equivalente nel protocollo batch.
src/tinyedit.c,editorRowInsertChar,463,1,5,A,"static void editorRowInsertChar(erow *row, int32_t at, int32_t c)",Primitive byte più aggiornamento stato; non puro alias.,Ridurne l'uso per span multibyte; un solo refresh per operazione.
src/tinyedit.c,editorRowInsertString,475,1,6,A,"static void editorRowInsertString(erow *row, int32_t at, const char *text, size_t len)",Inserimento span più cache/dirty e guardia no-op.,Base preferibile a loop di insert char per future feature.
src/tinyedit.c,editorRowAppendString,488,1,5,A,"static void editorRowAppendString(erow *row, char *s, size_t len)",Join/append con effetti derivati centralizzati.,Conservare semantica o integrarla nel layer batch.
src/tinyedit.c,editorRowDelChar,500,1,6,M,"static void editorRowDelChar(erow *row, int32_t at)",Wrapper delete byte + rebuild; granularità troppo fine per grapheme.,Sostituire nel percorso Unicode con delete range unico.
src/tinyedit.c,editorPushUndo,517,1,3,M,static void editorPushUndo(enum undoEditType type),Adatta profondità e tempo live al modulo history.,Con azioni esplicite evitare che grouping temporale definisca atomicità.
src/tinyedit.c,editorUndo,527,1,11,A,static void editorUndo(void),"Comando: history, ripristino cache e feedback UI.",Mantenere come azione utente con documento esplicito.
src/tinyedit.c,editorRedo,545,1,11,A,static void editorRedo(void),"Comando autonomo simmetrico, leggibile.",Condividere solo ricostruzione comune se ne cresce il corpo.
src/tinyedit.c,editorInsertCharRaw,565,1,5,A,static void editorInsertCharRaw(int32_t c),Mutazione senza snapshot e aggiornamento cursore.,Convertire in inserimento span per evitare transienti UTF-8/rebuild ripetuti.
src/tinyedit.c,editorInsertChar,577,1,4,A,static void editorInsertChar(int32_t c),Confine undo della digitazione semplice.,Non riusarlo per ogni byte di un'azione composta.
src/tinyedit.c,editorInsertNewlineRaw,588,1,14,A,static void editorInsertNewlineRaw(void),Split/inserimento di riga senza snapshot intermedio.,Riutilizzabile nel batch text/replace con cache differite.
src/tinyedit.c,editorInsertNewlineAutoIndent,617,1,18,A,static void editorInsertNewlineAutoIndent(void),Azione Enter e indent ereditato con un solo snapshot.,Condividere calcolo/applicazione indent con Enter su selezione.
src/tinyedit.c,editorDelChar,647,1,18,S,static void editorDelChar(void),"Grapheme/join corretti come responsabilità, ma delete/rebuild per byte.",Usare range unico e mantenere comando Backspace distinto dal buffer.
src/tinyedit.c,editorEffectiveLineEnding,680,1,5,A,static enum lineEndingMode editorEffectiveLineEnding(void),Policy setting explicit versus detection auto.,Conservare per save/statistiche/recovery.
src/tinyedit.c,editorRowsToString,692,1,4,M,static char *editorRowsToString(size_t *buflen),Adattatore che impone policy disco e newline finale.,Legarlo al documento esplicito nel lifecycle futuro.
src/tinyedit.c,editorPromptDisplayText,720,1,21,A,"static char *editorPromptDisplayText(const char *buf, size_t len)",Rappresentazione dei controlli/spazi distinta dal testo reale.,Con modello prompt separato conserva render non distruttivo.
src/tinyedit.c,editorPromptAppend,749,1,6,A,"static void editorPromptAppend(char **buf, size_t *bufsize, size_t *buflen, const char *text, size_t len)",Confine capacità/lunghezza/NUL opportuno ma oggi errato.,Correggere teRealloc e overflow prima del completion dei percorsi.
src/tinyedit.c,editorPromptCB,774,1,65,S,"static char *editorPromptCB(const char *prompt, const char *short_prompt, const char *(*status_fn)(void), void (*callback)(char *, int32_t))",Loop input/render/clipboard/callback e stato ricerca globale mescolati.,"Separare modello testo e risposta eventi; Backspace per grapheme, completion locale."
src/tinyedit.c,editorPrompt,865,1,3,M,static char *editorPrompt(const char *prompt),Facade semplice nasconde callback opzionali a Open/Save.,Mantenere fino a API prompt con opzioni esplicite realmente necessarie.
src/tinyedit.c,editorClearRows,880,1,5,M,static void editorClearRows(void),"Clear del buffer con reset cursore, distinto da reset documento.",Lifecycle esplicito evitando reset duplicati.
src/tinyedit.c,editorLoadLines,892,1,12,A,"static void editorLoadLines(const char *data, size_t len)",Caricamento bytes recovery distinto da filesystem.,Condividere splitter/terminatori con loader file e ricostruire metadata.
src/tinyedit.c,editorResolveFiletype,934,1,11,A,static void editorResolveFiletype(void),"Coordina nome syntax e registry, con persistenza intenzionale.",Ridurre effetti impliciti se si introduce reload/config temporanea.
src/tinyedit.c,editorWarnMissingHighlightConfig,962,1,10,A,static void editorWarnMissingHighlightConfig(void),Diagnostica distinta dal rilevamento e dall'apertura.,Conservare come policy UI opzionale.
src/tinyedit.c,editorOpen,981,1,41,S,static void editorOpen(const char *filename),"Ownership nome, I/O, ending detection, righe e UI nello stesso flusso.",Loader transazionale con esito; distinguere EOF/errore e terminatore esatto.
src/tinyedit.c,editorMaybeBackup,1044,1,12,A,static void editorMaybeBackup(void),Policy dirty/intervallo separata dal backup I/O.,Timer/event loop se si vuole periodicità anche senza tasti; esito fallimento esplicito.
src/tinyedit.c,editorRecoveryScreenLine,1065,1,10,M,"static void editorRecoveryScreenLine(struct abuf *ab, const char *bg, const char *text)",Riga centrata/stilizzata riusata dalla schermata recovery.,Clamp Unicode se si mostrano nomi arbitrari; no widget framework.
src/tinyedit.c,editorRecoveryScreen,1083,1,21,A,static void editorRecoveryScreen(void),Disegno dell'avviso distinto dalla decisione di recovery.,Render con geometria comune alle altre schermate.
src/tinyedit.c,editorOfferBackupRecovery,1121,1,20,A,static void editorOfferBackupRecovery(void),"Coordina domanda, lettura e sostituzione documento.",Commit recovery transazionale e metadata coerenti.
src/tinyedit.c,editorWriteAll,1151,1,10,A,"static uint8_t editorWriteAll(int fd, const char *buf, size_t len)",Write/EINTR/partial handling isolati.,Riutilizzabile per output frame solo dopo decisione della policy errori.
src/tinyedit.c,editorAtomicSave,1168,1,41,A,"static uint8_t editorAtomicSave(const char *filename, const char *buf, size_t len)","I/O temp/mode/fsync/rename coeso, già separato dalla UI.",Modulo I/O se loader viene estratto; preservare symlink/mode e durabilità.
src/tinyedit.c,editorSaveInternal,1225,1,28,S,static void editorSaveInternal(uint8_t force_prompt),"Prompt, cambio identità, syntax, I/O e cleanup backup insieme.",Nome e metadata committati solo al successo; risultato esplicito al chiamante.
src/tinyedit.c,editorSave,1270,1,3,M,static void editorSave(void),Nome comando leggibile con policy normale.,Mantenere come entry point per shortcut/menu.
src/tinyedit.c,editorSaveAs,1280,1,3,M,static void editorSaveAs(void),Nome comando distinto con richiesta obbligatoria del path.,"Mantenere nel command executor, anche se chiama il medesimo nucleo."
src/tinyedit.c,editorDiffersFromDisk,1304,1,20,A,static uint8_t editorDiffersFromDisk(void),Confronto contenuto per evitare richiesta save dopo undo.,"Se si introduce revision salvata, preservare semantica sulle modifiche esterne."
src/tinyedit.c,editorConfirmDocumentChange,1340,1,17,A,static uint8_t editorConfirmDocumentChange(const char *action),Policy save/discard/cancel condivisa da open/close/quit.,Riutilizzabile per singolo documento con esito save esplicito.
src/tinyedit.c,editorResetDocument,1374,1,29,S,static void editorResetDocument(void),"Cleanup documento, view, search e backup concentrati e duplicati con init.",Separare lifecycle documento e reset sessione/vista; base multi-buffer.
src/tinyedit.c,editorCloseFile,1411,1,6,A,static void editorCloseFile(void),Azione utente con conferma/reset e feedback.,Applicarla al documento selezionato in futuro.
src/tinyedit.c,editorOpenFile,1430,1,36,S,static void editorOpenFile(void),"Prompt, probe, distruzione vecchio e riapertura introducono race.",Caricare temporaneo e sostituire solo al successo; base sidebar/completion.
src/tinyedit.c,editorQuit,1476,1,5,A,static void editorQuit(void),Conferma e uscita sono azione autonoma.,"Con multi-buffer iterare conferme con policy esplicita, senza anticiparla ora."
src/tinyedit.c,abAppend,1494,1,7,A,"static void abAppend(struct abuf *ab, const char *s, int32_t len)",Unico append frame; proprietà del buffer centralizzata.,Aggiungere capacità/overflow guard se profiling o robustezza lo richiedono.
src/tinyedit.c,editorMenuAppend,1508,1,3,A,"static void editorMenuAppend(void *context, const char *text, int32_t len)",Adattatore di firma callback: collega menu senza esporre implementazione.,Conservare finché API output menu usa callback/context.
src/tinyedit.c,abFree,1518,1,1,M,static void abFree(struct abuf *ab),Rilascio leggibile accanto alla risorsa frame.,Non prioritario accorparlo; reset se si riutilizza abuf.
src/tinyedit.c,abAppendReset,1536,1,5,A,static void abAppendReset(struct abuf *ab),"Reset attributi con ripristino background, diversa da ESC[m isolato.",Conservare per evitare leak visivi con nuove decorazioni.
src/tinyedit.c,editorGutterWidth,1555,1,3,M,static int32_t editorGutterWidth(void),Adatta buffer e flag settings a layout.,Parametrizzare quando viewport/documento non sono globali.
src/tinyedit.c,editorTextCols,1565,1,3,M,static int32_t editorTextCols(void),Adatta view/buffer e flag del gutter.,Un contesto layout sostituirà wrapper globali se necessario.
src/tinyedit.c,editorSoftWrapCols,1583,1,4,M,static int32_t editorSoftWrapCols(void),Adatta settings/view al contratto condiviso.,"Usare risultato unico per frame, non reinterpretare soft_wrap come bool."
src/tinyedit.c,editorRowSegments,1595,1,3,B,"static int32_t editorRowSegments(erow *row, int32_t wrapcols)",Inoltra identicamente argomenti e risultato a renderRowSegments.,Chiamata diretta al modulo; nessuna policy futura dimostrata.
src/tinyedit.c,editorSegVisibleEnd,1605,1,3,B,"static int32_t editorSegVisibleEnd(erow *row, int32_t nseg, const int32_t *seg_start, int32_t i)",Inoltra identicamente tutti gli argomenti.,"Chiamata diretta, conservando distinzione byte/colonna."
src/tinyedit.c,editorSegVisibleEndRx,1615,1,3,M,"static int32_t editorSegVisibleEndRx(erow *row, int32_t nseg, const int32_t *seg_start, const int32_t *seg_start_rx, int32_t i)",Wrapper aggiunge tab_stop corrente; valore di adattatore reale.,Passare contesto layout se cambia la struttura delle viste.
src/tinyedit.c,editorRxToSegment,1631,1,3,B,"static void editorRxToSegment(erow *row, int32_t wrapcols, int32_t rx, int32_t *seg_idx, int32_t *seg_col)",Wrapper trasparente senza policy o stato aggiunto.,Eliminabile durante modifica dell'area.
src/tinyedit.c,editorVideoRowOf,1641,1,3,M,"static int32_t editorVideoRowOf(int32_t filerow, int32_t seg, int32_t wrapcols)",Adatta buffer globale alla conversione condivisa.,Parametrizzare per documento/view espliciti.
src/tinyedit.c,editorFileRowAtVideoRow,1651,1,3,M,"static void editorFileRowAtVideoRow(int32_t vy, int32_t wrapcols, int32_t *out_filerow, int32_t *out_seg)",Adatta buffer globale e conserva output multipli.,Conservare contratto; diretto quando buffer diventa argomento.
src/tinyedit.c,editorTotalVideoRows,1660,1,3,M,static int32_t editorTotalVideoRows(int32_t wrapcols),Adatta buffer corrente al conteggio layout.,Cache per frame/documento invece di nuove chiamate ripetute.
src/tinyedit.c,editorMouseToCursor,1682,1,38,A,"static void editorMouseToCursor(int32_t screen_col, int32_t screen_row, int32_t *out_cy, int32_t *out_cx)","Conversione completa screen → documento, distinta da parser mouse.",Viewport rettangolare per sidebar e test click su wide/tab.
src/tinyedit.c,editorScroll,1734,1,44,A,static void editorScroll(void),Policy vista segue cursore/free scroll e margine.,Rendere esplicite coordinate e stato view per buffer switching.
src/tinyedit.c,editorDrawRowSegment,1813,1,75,S,"static void editorDrawRowSegment(struct abuf *ab, int32_t filerow, int32_t seg_from, int32_t seg_to, uint8_t has_sel, int32_t sel_y0, int32_t sel_x0, int32_t sel_y1, int32_t sel_x1, uint8_t has_pair, int32_t pair_y0, int32_t pair_x0, int32_t pair_y1, int32_t pair_x1)","Mappatura sorgente/render, priorità highlight, invisibili e emissione insieme.",Unificare layout/tab; contesto highlight invece di quattordici parametri.
src/tinyedit.c,editorRowTerminatorHighlighted,1934,1,5,A,"static uint8_t editorRowTerminatorHighlighted(int32_t filerow, uint8_t has_sel, int32_t sel_y0, int32_t sel_y1)",Policy newline selezionato/match distinta da glyph normali.,Conservare per range multilinea e nuove decorazioni.
src/tinyedit.c,editorDrawHighlightedTerminator,1947,1,7,M,static void editorDrawHighlightedTerminator(struct abuf *ab),Emissione e reset del glyph EOL condivisi.,Riutilizzare finché selection e search condividono stile.
src/tinyedit.c,editorDrawGutter,1961,1,15,A,"static void editorDrawGutter(struct abuf *ab, int32_t gutter, int32_t filerow, uint8_t is_continuation)",Disegno numero/continuazione distinto dal testo.,Conservare con geometry esplicita nelle nuove viste.
src/tinyedit.c,editorChooseSlogan,1989,1,32,M,static void editorChooseSlogan(void),Policy scelta e non ripetizione autonoma; coesa.,Non trasformarla in modulo random generale senza altri requisiti.
src/tinyedit.c,editorDrawSplashRow,2037,1,36,A,"static void editorDrawSplashRow(struct abuf *ab, int32_t y, int32_t textcols)",Splash per righe visibili separato dal documento.,Precalcolare larghezza per frame; non serve framework di schermate.
src/tinyedit.c,editorDrawRows,2093,1,72,S,static void editorDrawRows(struct abuf *ab),Iterazione viewport e conversioni ripetute mescolate al disegno.,Scansione progressiva dei segmenti visibili; totale calcolato una volta.
src/tinyedit.c,editorCountChars,2202,1,15,A,static int32_t editorCountChars(void),Conteggio grapheme riusato da status/info; algoritmo chiaro.,Spostare nel buffer/cache con invalidazione sulle modifiche se misurato utile.
src/tinyedit.c,editorFiletypeLabel,2230,1,6,M,static const char *editorFiletypeLabel(void),Getter nome tipo dal file corrente; logica estensione ripetuta altrove.,"Unificare detection filename, non inventare registry globale aggiuntivo."
src/tinyedit.c,editorDrawTopBar,2255,1,20,A,static void editorDrawTopBar(struct abuf *ab),Elemento UI autonomo; correggere clamp snprintf.,Primitive bounded comune per testi arbitrari/temi.
src/tinyedit.c,editorDrawStatusBar,2285,1,40,A,static void editorDrawStatusBar(struct abuf *ab),"Elemento UI coeso, ma statistiche e byte-width hanno limiti.",Separare raccolta dati e layout se si personalizza la barra.
src/tinyedit.c,editorDrawMessageBar,2337,1,20,A,static void editorDrawMessageBar(struct abuf *ab),"Scadenza, tail-scroll e hint menu hanno policy locale.",Scroll/clipping per grapheme e spazio riservato al menu.
src/tinyedit.c,editorRefreshScreen,2375,1,52,S,static void editorRefreshScreen(void),"Resize, scroll, frame, overlay, geometria cursore e write nello stesso corpo.",Preparazione geometry → draw → present; niente accesso I/O nei calcoli puri.
src/tinyedit.c,editorSetStatusMessage,2451,1,8,A,"static void editorSetStatusMessage(const char *fmt, ...)","Messaggio temporaneo aggiorna testo, tempo e policy.",Condividere nucleo va_list con sticky solo se riduce manutenzione.
src/tinyedit.c,editorSetStatusMessageSticky,2472,1,8,A,"static void editorSetStatusMessageSticky(const char *fmt, ...)",Policy persistente distinta e usata nei messaggi iniziali.,Conservare entry point nominata; evitare bool opaco ai chiamanti.
src/tinyedit.c,editorSegColToCx,2496,1,18,A,"static int32_t editorSegColToCx(erow *row, int32_t seg_from_rx, int32_t target_col)","Conversione navigazione che arrotonda dopo glyph, diversa dal click.",Non fonderla ciecamente con RxToCx; esplicitare rounding in layout comune.
src/tinyedit.c,editorMoveCursorWrapped,2527,1,24,A,"static void editorMoveCursorWrapped(int32_t key, int32_t wrapcols)",Movimento verticale video distinto da logical rows.,Conservare come algoritmo testabile con view esplicita.
src/tinyedit.c,editorMoveCursor,2570,1,48,A,static void editorMoveCursor(int32_t key),Movimento base con confini EOF e grapheme; coeso.,Separare dalla selezione; centralizzare validazione del cursore.
src/tinyedit.c,editorMoveCursorWord,2634,1,44,A,static void editorMoveCursorWord(uint8_t forward),Regola salto parole distinta da singolo grapheme.,Non introdurre Unicode word segmentation completa senza requisito.
src/tinyedit.c,editorSerializeRange,2686,1,3,M,"static char *editorSerializeRange(int32_t start_y, int32_t start_x, int32_t end_y, int32_t end_x, size_t *outlen)",Adatta documento corrente alla serializzazione clipboard.,Chiamata diretta quando il documento diventa argomento dei comandi.
src/tinyedit.c,editorDeleteRangeRaw,2696,1,21,A,"static void editorDeleteRangeRaw(int32_t start_y, int32_t start_x, int32_t end_y, int32_t end_x)",Delete multilinea e riposizionamento senza snapshot; contratto utile.,Nucleo documento batch con propagazione differita.
src/tinyedit.c,editorDeleteRange,2726,1,4,A,"static void editorDeleteRange(int32_t start_y, int32_t start_x, int32_t end_y, int32_t end_x)",Wrapper aggiunge confine undo; non trasparente.,Conservare azione autonoma o equivalente command transaction.
src/tinyedit.c,editorReplaceSelectionWithNewline,2737,1,20,A,"static void editorReplaceSelectionWithNewline(int32_t sy, int32_t sx, int32_t ey, int32_t ex)",Delete+Enter con indent sono una singola azione.,Condividere indent con Enter normale senza duplicare snapshot.
src/tinyedit.c,editorInsertTextRaw,2767,1,17,A,"static void editorInsertTextRaw(const char *text, size_t len)",Split LF e inserimento multilinea senza snapshot intermedi.,Batch layout/syntax; policy CRLF paste distinta da loader se necessaria.
src/tinyedit.c,editorReplaceSelectionWithText,2791,1,7,A,"static void editorReplaceSelectionWithText(uint8_t had_sel, int32_t sy, int32_t sx, int32_t ey, int32_t ex, const char *text, size_t len)","Unifica Ctrl-V e bracketed paste, garantendo uno snapshot.",Conservare come nucleo anche per replacement futuri.
src/tinyedit.c,editorRowOutdent,2818,1,8,A,static int32_t editorRowOutdent(erow *row),Adatta primitive a cache/dirty e restituisce delta.,"Mantenere nel layer documento, non nel dispatcher."
src/tinyedit.c,editorIndentSelection,2840,1,42,A,static void editorIndentSelection(uint8_t outdent),Azione blocco con riaggiustamento range e un undo.,Batch span/righe; un helper per endpoints solo se riusato.
src/tinyedit.c,editorDecodeRegexReplacement,2930,1,22,A,"static char *editorDecodeRegexReplacement(const char *raw, size_t *out_len)",Sintassi replacement diversa dalla query; ownership autonoma.,Conservare separata; gruppi catturati richiedono nuova decisione.
src/tinyedit.c,editorDecodeRegexPattern,2962,1,23,A,static char *editorDecodeRegexPattern(const char *raw),Normalizzazione escapes query prima della compilazione.,Policy esplicita per CR→LF; non fonderla con replacement genericamente.
src/tinyedit.c,editorSearchText,3001,1,17,M,static char *editorSearchText(size_t *out_len),Serializza tutto per regex multilinea; duplica parte delle altre serializzazioni.,"Un solo serializer LF con NUL, mantenendo il contratto distinto dal disco."
src/tinyedit.c,editorSearchOffsetForPosition,3025,1,6,A,"static size_t editorSearchOffsetForPosition(int32_t y, int32_t x)",Mappa coordinate logiche a offset nella stringa LF.,Base motore ricerca; indice cumulativo se profiling lo richiede.
src/tinyedit.c,editorSearchPositionForOffset,3038,1,13,A,"static void editorSearchPositionForOffset(size_t offset, int32_t *out_y, int32_t *out_x)",Conversione inversa necessaria per match multilinea.,Gestire empty esplicitamente; restituzione risultato con posizione valida.
src/tinyedit.c,editorRegexFindLastInText,3059,1,18,A,"static uint8_t editorRegexFindLastInText(const regex_t *re, const char *text, size_t len, size_t limit, size_t *out_start, size_t *out_len)","Ricerca inversa tramite scansione avanti, algoritmo autonomo.",Unificare con versione riga attraverso span e size_t.
src/tinyedit.c,editorRegexFindLastOnRow,3086,1,17,B,"static uint8_t editorRegexFindLastOnRow(const regex_t *re, erow *row, int32_t limit_x, int32_t *out_x, int32_t *out_len)",Duplica ricerca inversa sul testo con int32_t e erow.,Delegare al nucleo span unico con conversioni controllate.
src/tinyedit.c,editorFindFrom,3151,1,120,S,"static uint8_t editorFindFrom(const char *query, int32_t from_y, int32_t from_x, int32_t dir, uint8_t wrap)","Compilazione, algoritmo, wrap e mutazione cursore/highlight mescolati.",Query compilata/sessione separata e match restituito senza UI.
src/tinyedit.c,editorFindCallback,3293,1,80,S,"static void editorFindCallback(char *query, int32_t key)",Gestione input/sessione e last_* esterni alla struct search.,Raccogliere stato e separare move/apply; test sulla sessione reale.
src/tinyedit.c,editorFindModeIndicator,3422,1,3,M,static const char *editorFindModeIndicator(void),Callback leggibile che nomina modo corrente.,"Conservare come presentazione, senza far conoscere E.search al prompt generico."
src/tinyedit.c,editorFind,3432,1,21,A,static void editorFind(void),"Azione avvio sessione, prompt e passaggio replace.",Sessione esplicita e documento selezionato per multi-buffer.
src/tinyedit.c,editorFindAndReplace,3471,1,66,S,static void editorFindAndReplace(const char *query),"Prompt, conferme, ricerca, loop progresso e mutazione nello stesso flusso.",Separare piano di avanzamento dalla UI; mantenere undo unico e no-wrap.
src/tinyedit.c,settingsScreenSlot,3581,1,3,B,"static int32_t *settingsScreenSlot(struct editorSettings *s, const struct settingDescriptor *d)",Replica accessor offsetof del modulo settings.,Usare un accesso condiviso appropriato o confinare UI con accessor; mantenere int32_t.
src/tinyedit.c,editorSettingsIsSyntaxColor,3591,1,3,M,static uint8_t editorSettingsIsSyntaxColor(const struct settingDescriptor *d),Predicato di visibilità/categoria riusato.,Metadata categoria nel descriptor se sostituisce dipendenza dal nome chiave.
src/tinyedit.c,editorSettingsSyntaxColorSample,3601,1,12,M,static const char *editorSettingsSyntaxColorSample(const struct settingDescriptor *d),Campioni locali raccolti senza allungare draw row.,"Metadati preview quando aumentano le categorie; restare UI, non parser."
src/tinyedit.c,editorSettingsPlainColorSample,3620,1,5,M,static const char *editorSettingsPlainColorSample(const struct settingDescriptor *d),Campioni semplici con contratto diverso dai syntax.,Unificare dati preview solo se semplifica i branch esistenti.
src/tinyedit.c,editorSettingsIsColor,3636,1,4,M,static uint8_t editorSettingsIsColor(const struct settingDescriptor *d),Classificazione palette leggibile per render.,Descriptor esplicito se crescono opzioni non palette con prefisso color_.
src/tinyedit.c,editorSettingsVisibleCount,3647,1,8,A,static int32_t editorSettingsVisibleCount(const struct editorSettings *edited),Filtro di visibilità distinto dalla navigazione.,Conservare policy condivisa con mapping visible→descriptor.
src/tinyedit.c,editorSettingsDescriptorAt,3662,1,8,A,"static int32_t editorSettingsDescriptorAt(const struct editorSettings *edited, int32_t visible_idx)",Indice visibile distinto dall'indice dati; confine necessario.,Lista di indici precalcolata solo se serve o riduce duplicazioni.
src/tinyedit.c,editorSettingsLabelWidth,3677,1,13,A,static int32_t editorSettingsLabelWidth(const struct editorSettings *edited),Misura allineamento rispettando visibilità/indent.,Larghezza Unicode se label diventano arbitrarie/localizzate.
src/tinyedit.c,editorSettingsCycleEnum,3705,1,12,A,"static void editorSettingsCycleEnum(const struct settingDescriptor *d, int32_t *slot, int32_t delta)",Ciclo e salto dim su background sono policy reale.,Spostare policy su descriptor soltanto con più vincoli analoghi.
src/tinyedit.c,editorSettingsDrawRow,3732,1,84,S,"static void editorSettingsDrawRow(struct abuf *ab, int32_t idx, uint8_t selected, const struct editorSettings *edited, char scroll_indicator, int32_t label_width)",Formattazione value/label e molte preview speciali insieme.,Separare formatter e preview; nuovi temi modificano un solo livello.
src/tinyedit.c,editorHelpScreen,3857,1,68,S,static void editorHelpScreen(void),Loop scroll e disegno help nello stesso corpo.,Separare render/evento se cresce; geometry/resize coerenti con altre schermate.
src/tinyedit.c,editorInfoAppendLine,3951,1,12,A,"static void editorInfoAppendLine(struct abuf *ab, int32_t *rows_used, const char *fmt, ...)",Append formattato bounded con contatore righe; utile e riusato.,Modello per rendere sicuri altri append formattati.
src/tinyedit.c,editorInfoAppendSection,3970,1,7,M,"static void editorInfoAppendSection(struct abuf *ab, int32_t *rows_used, const char *title)",Stile e contatore sezione centralizzati.,"Tenere privata, non introdurre API universale di sezioni."
src/tinyedit.c,editorInfoAppendBlank,3984,1,4,M,"static void editorInfoAppendBlank(struct abuf *ab, int32_t *rows_used)",Riga vuota e contatore come operazione semantica.,Accorpabile ma nessun beneficio prioritario.
src/tinyedit.c,editorInfoScreen,4003,1,49,A,static void editorInfoScreen(void),Schermata dati coesa grazie agli helper; non dividere campo per campo.,Clipping/scroll condivisi se aumentano informazioni o viewport molto piccole.
src/tinyedit.c,editorSettingsVisibleRows,4084,1,4,M,static int32_t editorSettingsVisibleRows(void),Unica policy altezza pannello con minimo.,Allineare alla geometry totale quando menu/top bar cambiano.
src/tinyedit.c,editorSettingsRender,4095,1,47,A,"static void editorSettingsRender(struct abuf *ab, const struct editorSettings *edited, int32_t cursor, int32_t scroll, const char *msg)",Disegno riusato da loop e mini-prompt int: estrazione giustificata.,Conservare distinto dal controller del pannello.
src/tinyedit.c,editorSettingsEditInt,4169,1,29,A,"static uint8_t editorSettingsEditInt(struct editorSettings *edited, int32_t cursor, int32_t scroll, const struct settingDescriptor *d, int32_t *out)",Editor numerico locale che ridisegna la stessa schermata.,strtol validato al posto di atoi; non riusare prompt documento che cambia la vista.
src/tinyedit.c,editorSettingsSave,4210,1,44,S,static void editorSettingsSave(const struct editorSettings *edited),"Applica runtime, aggiorna cache, protocolli e persist con feedback.",Separare applySettings da persist/UI; rollback solo se policy richiesta.
src/tinyedit.c,editorSettingsScreen,4262,1,75,S,static void editorSettingsScreen(void),Controller navigazione/edit/draft/conferma abbastanza esteso.,Estrarre dall'editor core mantenendo render dedicato e stato esplicito.
src/tinyedit.c,editorAutoCloseFor,4391,1,6,B,static const struct autoClosePair *editorAutoCloseFor(int32_t c),Seconda tabella/lookup che replica editorAutoClosePairFor.,Delegare alla fonte unica; wrapper solo per adattare single_quote live.
src/tinyedit.c,editorFilenameHasExtension,4409,1,12,M,static uint8_t editorFilenameHasExtension(const char *extension),Lookup case-insensitive ma duplica policy del modulo syntax.,Unificare in utilità di filename piccola se realmente condivisa.
src/tinyedit.c,editorIsXmlTagFile,4428,1,4,M,static uint8_t editorIsXmlTagFile(void),Policy estensioni auto-close distinta dal tokenizer.,Conservare predicato; base_tokenizer xml non implica autorizzare auto-close a tutti i template.
src/tinyedit.c,editorIsHtmlFile,4439,1,3,M,static uint8_t editorIsHtmlFile(void),Distingue policy void HTML dall'XML.,"Conservare perché cambia comportamento, non solo etichetta."
src/tinyedit.c,editorIsXmlNameStart,4450,1,3,A,static uint8_t editorIsXmlNameStart(uint8_t byte),Regola lessicale iniziale separata dal resto del nome.,Documentare limiti ASCII/locale e nuove regole solo se richieste.
src/tinyedit.c,editorIsXmlNameByte,4460,1,3,A,static uint8_t editorIsXmlNameByte(uint8_t byte),Regola nome continuazione differente dall'inizio.,"Conservare, condividere con syntax solo se grammatiche equivalenti."
src/tinyedit.c,editorIsHtmlVoidTag,4470,1,12,A,"static uint8_t editorIsHtmlVoidTag(const char *name, int32_t len)",Eccezioni HTML centralizzate in tabella.,Resta privata dell'assistenza editing.
src/tinyedit.c,editorTryAutoCloseXmlTag,4490,1,46,A,static void editorTryAutoCloseXmlTag(void),"Riconoscimento e inserimento closing tag, funzione autonoma.",Separare riconoscimento puro se si amplia; non implementare parser HTML completo.
src/tinyedit.c,editorReadMultiByteKey,4549,1,16,A,"static int32_t editorReadMultiByteKey(uint8_t lead, char *out)",Raccoglie sequenza e preserva il tasto non-continuation.,Spostare nel layer input affinché UTF-8 funzioni indipendentemente da auto-close.
src/tinyedit.c,editorTrySkipMultiByteClose,4587,1,17,A,"static uint8_t editorTrySkipMultiByteClose(const char *typed, int32_t typed_len)",Policy closer Unicode distinta da trasporto input.,Conservare nel nucleo auto-close unico con snapshot solo se muta testo.
src/tinyedit.c,editorInsertCharAutoClose,4614,1,86,S,"static void editorInsertCharAutoClose(int32_t c, uint8_t had_sel, int32_t sel_y0, int32_t sel_x0, int32_t sel_y1, int32_t sel_x1)","ASCII/Unicode, selezione, skip, dollari/tag e inserimento nello stesso corpo.",Riconoscimento puro + azione atomica; mantenere eccezioni Markdown/quote deliberate.
src/tinyedit.c,editorMenuCommandKey,4781,1,20,M,static int32_t editorMenuCommandKey(enum editorCommand command),Bridge pratico menu→shortcut ma introduce dipendenza inversa dai tasti.,"Executor comandi comune a input/menu; eliminarlo allora, non aggiungere altri bridge."
src/tinyedit.c,editorToggleMenuSetting,4808,1,6,A,static void editorToggleMenuSetting(enum editorCommand command),Copy/toggle/apply e chiusura menu hanno effetti reali.,Restare comando che usa applySettings separato.
src/tinyedit.c,editorSyncMenuMouseMotion,4821,1,6,A,static void editorSyncMenuMouseMotion(void),Transizione idempotente di protocollo secondo stato menu.,"Conservare come collegamento UI→terminale, con cleanup coerente."
src/tinyedit.c,editorProcessKeypress,4834,1,393,S,static void editorProcessKeypress(void),Dispatcher contiene quasi tutte le policy applicative e mouse.,Estrarre handler comandi/mouse/movimento+selezione; conservare eventi non mouse già letti.
src/tinyedit.c,editorFreeUndoRedo,5415,1,3,M,static void editorFreeUndoRedo(void),Adattatore atexit senza argomenti sopra historyClear.,Sostituire con lifecycle sessione/documenti quando necessario.
src/tinyedit.c,initEditor,5425,1,41,S,static void initEditor(void),Init documento/UI/settings/menu/geometry nello stesso flusso.,"Condividere inizializzazione documento con reset, distinto da app startup."
src/tinyedit.c,main,5476,1,32,A,"int main(int argc, char **argv)","Orchestrazione avvio/main loop appropriata, non troppo granulare.","Integrare eventi/timer e sessione esplicita quando richiesti, senza frammentare ogni chiamata."
src/utf8.c,utf8ByteLen,22,1,7,A,int32_t utf8ByteLen(uint8_t c),Stima lead byte distinta dalla validazione del decoder.,Conservare per acquisizione bounded; non trattarla come validazione completa.
src/utf8.c,utf8DecodeChar,39,1,40,A,"struct utf8DecodeResult utf8DecodeChar(const char *s, size_t available)",Contratto rigoroso available/consumed/valid; essenziale per tutto il testo.,Fonte unica anche per nuovi tokenizer e primitive layout.
src/utf8.c,isVariationSelector,88,1,3,A,static uint8_t isVariationSelector(uint32_t cp),Proprietà Unicode nominata e riusata.,Conservare range/policy documentati.
src/utf8.c,isSkinToneModifier,98,1,3,A,static uint8_t isSkinToneModifier(uint32_t cp),Proprietà emoji distinta da combining marks.,Conservare per grouping/width coerenti.
src/utf8.c,isZWJ,108,1,3,A,static uint8_t isZWJ(uint32_t cp),Predicato piccolo ma esprime regola condivisa di composizione.,Mantenere anche con miglioramento delle euristiche grapheme.
src/utf8.c,isRegionalIndicator,118,1,3,A,static uint8_t isRegionalIndicator(uint32_t cp),"Regola bandiere distinta, condivisa avanti/indietro.",Prove su sequenze lunghe per coerenza del pairing.
src/utf8.c,isCombiningMark,129,1,7,A,static uint8_t isCombiningMark(uint32_t cp),Range supportati centralizzati per grouping/width.,Aggiornare policy qui; non dichiarare conformità Unicode completa.
src/utf8.c,isGraphemeExtend,143,1,4,A,static uint8_t isGraphemeExtend(uint32_t cp),Compone proprietà usate dai due versi di navigazione.,"Conservare come policy, senza duplicare classificazione nei chiamanti."
src/utf8.c,utf8DecodePrev,155,1,11,A,"static struct utf8DecodeResult utf8DecodePrev(const char *buf, size_t pos)",Ricerca suffix bounded distinta dal forward decoder.,Conservare per recupero non distruttivo su byte malformati.
src/utf8.c,utf8PrevCharLen,174,1,44,A,"size_t utf8PrevCharLen(const char *buf, size_t pos)","Passo grapheme all'indietro, indipendente da UI.",Base per delete/cursore/prompt; ampliare test simmetria senza fondere i due versi.
src/utf8.c,utf8NextCharLen,243,1,40,A,"size_t utf8NextCharLen(const char *buf, size_t pos, size_t len)",Passo grapheme bounded avanti con recupero byte singolo.,Fonte unica per layout/split non ASCII.
src/utf8.c,utf8CharWidth,302,1,38,A,int32_t utf8CharWidth(uint32_t cp),Larghezza codepoint distinta da sequenza/grapheme.,Aggiornare euristiche secondo requisiti terminali reali.
src/utf8.c,ansiEscapeLen,364,1,9,A,"static size_t ansiEscapeLen(const char *s, size_t len)",Misura escape bounded per stringhe decorate.,Tenere privata a utf8StrWidth finché non c'è parsing ANSI condiviso reale.
src/utf8.c,utf8StrWidth,381,1,30,A,"size_t utf8StrWidth(const char *s, size_t len)","Primitive utile, oggi usata nei test ma non nel core attivo.",Riutilizzarla dove si corregge layout UI; distingue width da strlen.
src/utf8.c,utf8SingleCharWidth,430,1,5,A,"int32_t utf8SingleCharWidth(const char *s, size_t len)",Larghezza di un'unità con fallback invalid coerente.,Conservare e usarla nel layout unificato.
